acacia-boat	ACACIA_BOAT	icon-minecraft-acacia-boat	1.08	1.8	
acacia-button	ACACIA_BUTTON	icon-minecraft-acacia-button	1.08	1.8	
acacia-chest-boat	ACACIA_CHEST_BOAT	icon-minecraft-acacia-chest-boat	1.08	1.8	
acacia-door	ACACIA_DOOR	icon-minecraft-acacia-door	1.08	1.8	
acacia_fence	ACACIA_FENCE	icon-minecraft-acacia-fence	1.08	1.8	192
acacia_fence_gate	ACACIA_FENCE_GATE	icon-minecraft-acacia-fence-gate	1.08	1.8	187
acacia-hanging-sign	ACACIA_HANGING_SIGN	icon-minecraft-acacia-hanging-sign	1.08	1.8	
acacia_leaves	ACACIA_LEAVES	icon-minecraft-acacia-leaves	1.21	1.21	161
acacia_log	ACACIA_WOOD	icon-minecraft-acacia-log	1.21	1.21	162
acacia_planks	ACACIA_PLANKS	icon-minecraft-acacia-planks	1.21	1.21	5
acacia-pressure-plate	ACACIA_PRESSURE_PLATE	icon-minecraft-acacia-pressure-plate	1.08	1.8	
acacia_sapling	ACACIA_SAPLING	icon-minecraft-acacia-sapling	1.21	1.21	6
acacia-shelf	ACACIA_SHELF	icon-minecraft-acacia-shelf	1.08	1.8	
acacia-sign	ACACIA_SIGN	icon-minecraft-acacia-sign	1.08	1.8	
acacia_slab	ACACIA_SLAB	icon-minecraft-acacia-slab	1.21	1.21	126
acacia_stairs	ACACIA_STAIRS	icon-minecraft-acacia-stairs	1.21	1.21	163
acacia-trapdoor	ACACIA_TRAPDOOR	icon-minecraft-acacia-trapdoor	1.08	1.8	
acacia-wall-hanging-sign	ACACIA_WALL_HANGING_SIGN	icon-minecraft-acacia-wall-hanging-sign	1.08	1.8	
acacia-wall-sign	ACACIA_WALL_SIGN	icon-minecraft-acacia-wall-sign	1.08	1.8	
acacia-wood	ACACIA_WOOD	icon-minecraft-acacia-wood	1.08	1.8	
activator_rail	ACTIVATOR_RAIL	icon-minecraft-activator-rail	1.08	1.8	157
air	AIR	icon-minecraft-air	1.08	1.8	0
allium	ALLIUM	icon-minecraft-allium	1.21	1.21	38
amethyst-block	AMETHYST_BLOCK	icon-minecraft-amethyst-block	1.08	1.8	
amethyst-cluster	AMETHYST_CLUSTER	icon-minecraft-amethyst-cluster	1.08	1.8	
amethyst-shard	AMETHYST_SHARD	icon-minecraft-amethyst-shard	1.08	1.8	
ancient-debris	ANCIENT_DEBRIS	icon-minecraft-ancient-debris	1.08	1.8	
andesite	ANDESITE	icon-minecraft-andesite	1.08	1.8	1
andesite-slab	ANDESITE_SLAB	icon-minecraft-andesite-slab	1.08	1.8	
andesite-stairs	ANDESITE_STAIRS	icon-minecraft-andesite-stairs	1.08	1.8	
andesite-wall	ANDESITE_WALL	icon-minecraft-andesite-wall	1.08	1.8	
angler-pottery-sherd	ANGLER_POTTERY_SHERD	icon-minecraft-angler-pottery-sherd	1.08	1.8	
anvil	ANVIL	icon-minecraft-anvil	1.08	1.8	145
apple	APPLE	icon-minecraft-apple	1.08	1.8	260
archer-pottery-sherd	ARCHER_POTTERY_SHERD	icon-minecraft-archer-pottery-sherd	1.08	1.8	
armadillo-scute	ARMADILLO_SCUTE	icon-minecraft-armadillo-scute	1.08	1.8	
armor-stand	ARMOR_STAND	icon-minecraft-armor-stand	1.08	1.8	
arms-up-pottery-sherd	ARMS_UP_POTTERY_SHERD	icon-minecraft-arms-up-pottery-sherd	1.08	1.8	
arrow	ARROW	icon-minecraft-arrow	1.08	1.8	262
attached-melon-stem	ATTACHED_MELON_STEM	icon-minecraft-attached-melon-stem	1.08	1.8	
attached-pumpkin-stem	ATTACHED_PUMPKIN_STEM	icon-minecraft-attached-pumpkin-stem	1.08	1.8	
axolotl-bucket	AXOLOTL_BUCKET	icon-minecraft-axolotl-bucket	1.08	1.8	
azalea	AZALEA	icon-minecraft-azalea	1.08	1.8	
azalea-leaves	AZALEA_LEAVES	icon-minecraft-azalea-leaves	1.08	1.8	
azure_bluet	AZURE_BLUET	icon-minecraft-azure-bluet	1.21	1.21	38
baked-potato	BAKED_POTATO	icon-minecraft-baked-potato	1.08	1.8	
bamboo	BAMBOO	icon-minecraft-bamboo	1.08	1.8	
bamboo-block	BAMBOO_BLOCK	icon-minecraft-bamboo-block	1.08	1.8	
bamboo-button	BAMBOO_BUTTON	icon-minecraft-bamboo-button	1.08	1.8	
bamboo-chest-raft	BAMBOO_CHEST_RAFT	icon-minecraft-bamboo-chest-raft	1.08	1.8	
bamboo-door	BAMBOO_DOOR	icon-minecraft-bamboo-door	1.08	1.8	
bamboo-fence	BAMBOO_FENCE	icon-minecraft-bamboo-fence	1.08	1.8	
bamboo-fence-gate	BAMBOO_FENCE_GATE	icon-minecraft-bamboo-fence-gate	1.08	1.8	
bamboo-hanging-sign	BAMBOO_HANGING_SIGN	icon-minecraft-bamboo-hanging-sign	1.08	1.8	
bamboo-mosaic	BAMBOO_MOSAIC	icon-minecraft-bamboo-mosaic	1.08	1.8	
bamboo-mosaic-slab	BAMBOO_MOSAIC_SLAB	icon-minecraft-bamboo-mosaic-slab	1.08	1.8	
bamboo-mosaic-stairs	BAMBOO_MOSAIC_STAIRS	icon-minecraft-bamboo-mosaic-stairs	1.08	1.8	
bamboo-planks	BAMBOO_PLANKS	icon-minecraft-bamboo-planks	1.08	1.8	
bamboo-pressure-plate	BAMBOO_PRESSURE_PLATE	icon-minecraft-bamboo-pressure-plate	1.08	1.8	
bamboo-raft	BAMBOO_RAFT	icon-minecraft-bamboo-raft	1.08	1.8	
bamboo-sapling	BAMBOO_SAPLING	icon-minecraft-bamboo-sapling	1.08	1.8	
bamboo-shelf	BAMBOO_SHELF	icon-minecraft-bamboo-shelf	1.08	1.8	
bamboo-sign	BAMBOO_SIGN	icon-minecraft-bamboo-sign	1.08	1.8	
bamboo-slab	BAMBOO_SLAB	icon-minecraft-bamboo-slab	1.08	1.8	
bamboo-stairs	BAMBOO_STAIRS	icon-minecraft-bamboo-stairs	1.08	1.8	
bamboo-trapdoor	BAMBOO_TRAPDOOR	icon-minecraft-bamboo-trapdoor	1.08	1.8	
bamboo-wall-hanging-sign	BAMBOO_WALL_HANGING_SIGN	icon-minecraft-bamboo-wall-hanging-sign	1.08	1.8	
bamboo-wall-sign	BAMBOO_WALL_SIGN	icon-minecraft-bamboo-wall-sign	1.08	1.8	
barrel	BARREL	icon-minecraft-barrel	1.08	1.8	
barrier	BARRIER	icon-minecraft-barrier	1.08	1.8	166
basalt	BASALT	icon-minecraft-basalt	1.08	1.8	
beacon	BEACON	icon-minecraft-beacon	1.08	1.8	138
bedrock	BEDROCK	icon-minecraft-bedrock	1.08	1.8	7
beef	BEEF	icon-minecraft-beef	1.08	1.8	
beehive	BEEHIVE	icon-minecraft-beehive	1.08	1.8	
bee-nest	BEE_NEST	icon-minecraft-bee-nest	1.08	1.8	
beetroot	BEETROOT	icon-minecraft-beetroot	1.08	1.8	
beetroots	BEETROOTS	icon-minecraft-beetroots	1.08	1.8	
beetroot-seeds	BEETROOT_SEEDS	icon-minecraft-beetroot-seeds	1.08	1.8	
beetroot-soup	BEETROOT_SOUP	icon-minecraft-beetroot-soup	1.08	1.8	
bell	BELL	icon-minecraft-bell	1.08	1.8	
big-dripleaf	BIG_DRIPLEAF	icon-minecraft-big-dripleaf	1.08	1.8	
big-dripleaf-stem	BIG_DRIPLEAF_STEM	icon-minecraft-big-dripleaf-stem	1.08	1.8	
birch-boat	BIRCH_BOAT	icon-minecraft-birch-boat	1.08	1.8	
birch-button	BIRCH_BUTTON	icon-minecraft-birch-button	1.08	1.8	
birch-chest-boat	BIRCH_CHEST_BOAT	icon-minecraft-birch-chest-boat	1.08	1.8	
birch-door	BIRCH_DOOR	icon-minecraft-birch-door	1.08	1.8	
birch_fence	BIRCH_FENCE	icon-minecraft-birch-fence	1.08	1.8	189
birch_fence_gate	BIRCH_FENCE_GATE	icon-minecraft-birch-fence-gate	1.08	1.8	184
birch-hanging-sign	BIRCH_HANGING_SIGN	icon-minecraft-birch-hanging-sign	1.08	1.8	
birch_leaves	BIRCH_LEAVES	icon-minecraft-birch-leaves	1.08	1.8	18
birch-log	BIRCH_LOG	icon-minecraft-birch-log	1.08	1.8	
birch_planks	BIRCH_PLANKS	icon-minecraft-birch-planks	1.08	1.8	5
birch-pressure-plate	BIRCH_PRESSURE_PLATE	icon-minecraft-birch-pressure-plate	1.08	1.8	
birch_sapling	BIRCH_SAPLING	icon-minecraft-birch-sapling	1.08	1.8	6
birch-shelf	BIRCH_SHELF	icon-minecraft-birch-shelf	1.08	1.8	
birch-sign	BIRCH_SIGN	icon-minecraft-birch-sign	1.08	1.8	
birch_slab	BIRCH_SLAB	icon-minecraft-birch-slab	1.08	1.8	126
birch_stairs	BIRCH_WOOD_STAIRS	icon-minecraft-birch-stairs	1.08	1.8	135
birch-trapdoor	BIRCH_TRAPDOOR	icon-minecraft-birch-trapdoor	1.08	1.8	
birch-wall-hanging-sign	BIRCH_WALL_HANGING_SIGN	icon-minecraft-birch-wall-hanging-sign	1.08	1.8	
birch-wall-sign	BIRCH_WALL_SIGN	icon-minecraft-birch-wall-sign	1.08	1.8	
birch_wood	BIRCH_WOOD	icon-minecraft-birch-wood	1.08	1.8	17
black-banner	BLACK_BANNER	icon-minecraft-black-banner	1.08	1.8	
black-bed	BLACK_BED	icon-minecraft-black-bed	1.08	1.8	
black-bundle	BLACK_BUNDLE	icon-minecraft-black-bundle	1.08	1.8	
black-candle	BLACK_CANDLE	icon-minecraft-black-candle	1.08	1.8	
black-candle-cake	BLACK_CANDLE_CAKE	icon-minecraft-black-candle-cake	1.08	1.8	
black_carpet	BLACK_CARPET	icon-minecraft-black-carpet	1.08	1.8	171
black_concrete	BLACK_CONCRETE	icon-minecraft-black-concrete	1.12	1.12	251
black_concrete_powder	BLACK_CONCRETE_POWDER	icon-minecraft-black-concrete-powder	1.12	1.12	252
black-dye	BLACK_DYE	icon-minecraft-black-dye	1.08	1.8	
black_glazed_terracotta	BLACK_GLAZED_TERRACOTTA	icon-minecraft-black-glazed-terracotta	1.12	1.12	250
black-harness	BLACK_HARNESS	icon-minecraft-black-harness	1.08	1.8	
black_shulker_box	BLACK_SHULKER_BOX	icon-minecraft-black-shulker-box	1.11	1.11	234
black_stained_glass	BLACK_STAINED_GLASS	icon-minecraft-black-stained-glass	1.21	1.21	95
black_stained_glass_pane	BLACK_STAINED_GLASS_PANE	icon-minecraft-black-stained-glass-pane	1.21	1.21	160
blackstone	BLACKSTONE	icon-minecraft-blackstone	1.08	1.8	
blackstone-slab	BLACKSTONE_SLAB	icon-minecraft-blackstone-slab	1.08	1.8	
blackstone-stairs	BLACKSTONE_STAIRS	icon-minecraft-blackstone-stairs	1.08	1.8	
blackstone-wall	BLACKSTONE_WALL	icon-minecraft-blackstone-wall	1.08	1.8	
black_terracotta	BLACK_TERRACOTTA	icon-minecraft-black-terracotta	1.08	1.8	159
black-wall-banner	BLACK_WALL_BANNER	icon-minecraft-black-wall-banner	1.08	1.8	
black_wool	BLACK_WOOL	icon-minecraft-black-wool	1.08	1.8	35
blade-pottery-sherd	BLADE_POTTERY_SHERD	icon-minecraft-blade-pottery-sherd	1.08	1.8	
blast-furnace	BLAST_FURNACE	icon-minecraft-blast-furnace	1.08	1.8	
blaze-powder	BLAZE_POWDER	icon-minecraft-blaze-powder	1.08	1.8	
blaze-rod	BLAZE_ROD	icon-minecraft-blaze-rod	1.08	1.8	
blue-banner	BLUE_BANNER	icon-minecraft-blue-banner	1.08	1.8	
blue-bed	BLUE_BED	icon-minecraft-blue-bed	1.08	1.8	
blue-bundle	BLUE_BUNDLE	icon-minecraft-blue-bundle	1.08	1.8	
blue-candle	BLUE_CANDLE	icon-minecraft-blue-candle	1.08	1.8	
blue-candle-cake	BLUE_CANDLE_CAKE	icon-minecraft-blue-candle-cake	1.08	1.8	
blue_carpet	BLUE_CARPET	icon-minecraft-blue-carpet	1.08	1.8	171
blue_concrete	BLUE_CONCRETE	icon-minecraft-blue-concrete	1.12	1.12	251
blue_concrete_powder	BLUE_CONCRETE_POWDER	icon-minecraft-blue-concrete-powder	1.12	1.12	252
blue-dye	BLUE_DYE	icon-minecraft-blue-dye	1.08	1.8	
blue-egg	BLUE_EGG	icon-minecraft-blue-egg	1.08	1.8	
blue_glazed_terracotta	BLUE_GLAZED_TERRACOTTA	icon-minecraft-blue-glazed-terracotta	1.12	1.12	246
blue-harness	BLUE_HARNESS	icon-minecraft-blue-harness	1.08	1.8	
blue-ice	BLUE_ICE	icon-minecraft-blue-ice	1.08	1.8	
blue_orchid	BLUE_ORCHID	icon-minecraft-blue-orchid	1.21	1.21	38
blue_shulker_box	BLUE_SHULKER_BOX	icon-minecraft-blue-shulker-box	1.11	1.11	230
blue_stained_glass	BLUE_STAINED_GLASS	icon-minecraft-blue-stained-glass	1.21	1.21	95
blue_stained_glass_pane	BLUE_STAINED_GLASS_PANE	icon-minecraft-blue-stained-glass-pane	1.21	1.21	160
blue_terracotta	BLUE_TERRACOTTA	icon-minecraft-blue-terracotta	1.08	1.8	159
blue-wall-banner	BLUE_WALL_BANNER	icon-minecraft-blue-wall-banner	1.08	1.8	
blue_wool	BLUE_WOOL	icon-minecraft-blue-wool	1.08	1.8	35
bolt-armor-trim-smithing-template	BOLT_ARMOR_TRIM_SMITHING_TEMPLATE	icon-minecraft-bolt-armor-trim-smithing-template	1.08	1.8	
bone	BONE	icon-minecraft-bone	1.08	1.8	
bone_block	BONE_BLOCK	icon-minecraft-bone-block	1.1	1.10	216
bone-meal	BONE_MEAL	icon-minecraft-bone-meal	1.08	1.8	
book	BOOK	icon-minecraft-book	1.08	1.8	
bookshelf	BOOKSHELF	icon-minecraft-bookshelf	1.08	1.8	47
bordure-indented-banner-pattern	BORDURE_INDENTED_BANNER_PATTERN	icon-minecraft-bordure-indented-banner-pattern	1.08	1.8	
bow	BOW	icon-minecraft-bow	1.08	1.8	261
bowl	BOWL	icon-minecraft-bowl	1.08	1.8	
brain-coral	BRAIN_CORAL	icon-minecraft-brain-coral	1.08	1.8	
brain-coral-block	BRAIN_CORAL_BLOCK	icon-minecraft-brain-coral-block	1.08	1.8	
brain-coral-fan	BRAIN_CORAL_FAN	icon-minecraft-brain-coral-fan	1.08	1.8	
brain-coral-wall-fan	BRAIN_CORAL_WALL_FAN	icon-minecraft-brain-coral-wall-fan	1.08	1.8	
bread	BREAD	icon-minecraft-bread	1.08	1.8	
breeze-rod	BREEZE_ROD	icon-minecraft-breeze-rod	1.08	1.8	
brewer-pottery-sherd	BREWER_POTTERY_SHERD	icon-minecraft-brewer-pottery-sherd	1.08	1.8	
brewing-stand	BREWING_STAND	icon-minecraft-brewing-stand	1.08	1.8	
brick	BRICK	icon-minecraft-brick	1.08	1.8	
bricks	BRICK	icon-minecraft-bricks	1.08	1.8	45
brick_slab	BRICK_SLAB	icon-minecraft-brick-slab	1.08	1.8	44
brick_stairs	BRICK_STAIRS	icon-minecraft-brick-stairs	1.08	1.8	108
brick-wall	BRICK_WALL	icon-minecraft-brick-wall	1.08	1.8	
brown-banner	BROWN_BANNER	icon-minecraft-brown-banner	1.08	1.8	
brown-bed	BROWN_BED	icon-minecraft-brown-bed	1.08	1.8	
brown-bundle	BROWN_BUNDLE	icon-minecraft-brown-bundle	1.08	1.8	
brown-candle	BROWN_CANDLE	icon-minecraft-brown-candle	1.08	1.8	
brown-candle-cake	BROWN_CANDLE_CAKE	icon-minecraft-brown-candle-cake	1.08	1.8	
brown_carpet	BROWN_CARPET	icon-minecraft-brown-carpet	1.08	1.8	171
brown_concrete	BROWN_CONCRETE	icon-minecraft-brown-concrete	1.12	1.12	251
brown_concrete_powder	BROWN_CONCRETE_POWDER	icon-minecraft-brown-concrete-powder	1.12	1.12	252
brown-dye	BROWN_DYE	icon-minecraft-brown-dye	1.08	1.8	
brown-egg	BROWN_EGG	icon-minecraft-brown-egg	1.08	1.8	
brown_glazed_terracotta	BROWN_GLAZED_TERRACOTTA	icon-minecraft-brown-glazed-terracotta	1.12	1.12	247
brown-harness	BROWN_HARNESS	icon-minecraft-brown-harness	1.08	1.8	
brown_mushroom	BROWN_MUSHROOM	icon-minecraft-brown-mushroom	1.08	1.8	39
brown_mushroom_block	BROWN_MUSHROOM_BLOCK	icon-minecraft-brown-mushroom-block	1.08	1.8	99
brown_shulker_box	BROWN_SHULKER_BOX	icon-minecraft-brown-shulker-box	1.11	1.11	231
brown_stained_glass	BROWN_STAINED_GLASS	icon-minecraft-brown-stained-glass	1.21	1.21	95
brown_stained_glass_pane	BROWN_STAINED_GLASS_PANE	icon-minecraft-brown-stained-glass-pane	1.21	1.21	160
brown_terracotta	BROWN_TERRACOTTA	icon-minecraft-brown-terracotta	1.08	1.8	159
brown-wall-banner	BROWN_WALL_BANNER	icon-minecraft-brown-wall-banner	1.08	1.8	
brown_wool	BROWN_WOOL	icon-minecraft-brown-wool	1.08	1.8	35
brush	BRUSH	icon-minecraft-brush	1.08	1.8	
bubble-column	BUBBLE_COLUMN	icon-minecraft-bubble-column	1.08	1.8	
bubble-coral	BUBBLE_CORAL	icon-minecraft-bubble-coral	1.08	1.8	
bubble-coral-block	BUBBLE_CORAL_BLOCK	icon-minecraft-bubble-coral-block	1.08	1.8	
bubble-coral-fan	BUBBLE_CORAL_FAN	icon-minecraft-bubble-coral-fan	1.08	1.8	
bubble-coral-wall-fan	BUBBLE_CORAL_WALL_FAN	icon-minecraft-bubble-coral-wall-fan	1.08	1.8	
bucket	BUCKET	icon-minecraft-bucket	1.08	1.8	
budding-amethyst	BUDDING_AMETHYST	icon-minecraft-budding-amethyst	1.08	1.8	
bundle	BUNDLE	icon-minecraft-bundle	1.08	1.8	
burn-pottery-sherd	BURN_POTTERY_SHERD	icon-minecraft-burn-pottery-sherd	1.08	1.8	
bush	BUSH	icon-minecraft-bush	1.08	1.8	
cactus	CACTUS	icon-minecraft-cactus	1.08	1.8	81
cactus-flower	CACTUS_FLOWER	icon-minecraft-cactus-flower	1.08	1.8	
cake	CAKE	icon-minecraft-cake	1.08	1.8	
calcite	CALCITE	icon-minecraft-calcite	1.08	1.8	
calibrated-sculk-sensor	CALIBRATED_SCULK_SENSOR	icon-minecraft-calibrated-sculk-sensor	1.08	1.8	
campfire	CAMPFIRE	icon-minecraft-campfire	1.08	1.8	
candle	CANDLE	icon-minecraft-candle	1.08	1.8	
candle-cake	CANDLE_CAKE	icon-minecraft-candle-cake	1.08	1.8	
carrot	CARROT	icon-minecraft-carrot	1.08	1.8	
carrot-on-a-stick	CARROT_ON_A_STICK	icon-minecraft-carrot-on-a-stick	1.08	1.8	
carrots	CARROTS	icon-minecraft-carrots	1.08	1.8	141
cartography-table	CARTOGRAPHY_TABLE	icon-minecraft-cartography-table	1.08	1.8	
carved-pumpkin	CARVED_PUMPKIN	icon-minecraft-carved-pumpkin	1.08	1.8	
cauldron	CAULDRON	icon-minecraft-cauldron	1.08	1.8	
cave-air	CAVE_AIR	icon-minecraft-cave-air	1.08	1.8	
cave-vines	CAVE_VINES	icon-minecraft-cave-vines	1.08	1.8	
cave-vines-plant	CAVE_VINES_PLANT	icon-minecraft-cave-vines-plant	1.08	1.8	
chain	CHAIN	icon-minecraft-chain	1.08	1.8	
chain_command_block	CHAIN_COMMAND_BLOCK	icon-minecraft-chain-command-block	1.09	1.9	211
chainmail-boots	CHAINMAIL_BOOTS	icon-minecraft-chainmail-boots	1.08	1.8	
chainmail-chestplate	CHAINMAIL_CHESTPLATE	icon-minecraft-chainmail-chestplate	1.08	1.8	
chainmail-helmet	CHAINMAIL_HELMET	icon-minecraft-chainmail-helmet	1.08	1.8	
chainmail-leggings	CHAINMAIL_LEGGINGS	icon-minecraft-chainmail-leggings	1.08	1.8	
charcoal	CHARCOAL	icon-minecraft-charcoal	1.08	1.8	263
cherry-boat	CHERRY_BOAT	icon-minecraft-cherry-boat	1.08	1.8	
cherry-button	CHERRY_BUTTON	icon-minecraft-cherry-button	1.08	1.8	
cherry-chest-boat	CHERRY_CHEST_BOAT	icon-minecraft-cherry-chest-boat	1.08	1.8	
cherry-door	CHERRY_DOOR	icon-minecraft-cherry-door	1.08	1.8	
cherry-fence	CHERRY_FENCE	icon-minecraft-cherry-fence	1.08	1.8	
cherry-fence-gate	CHERRY_FENCE_GATE	icon-minecraft-cherry-fence-gate	1.08	1.8	
cherry-hanging-sign	CHERRY_HANGING_SIGN	icon-minecraft-cherry-hanging-sign	1.08	1.8	
cherry-leaves	CHERRY_LEAVES	icon-minecraft-cherry-leaves	1.08	1.8	
cherry-log	CHERRY_LOG	icon-minecraft-cherry-log	1.08	1.8	
cherry-planks	CHERRY_PLANKS	icon-minecraft-cherry-planks	1.08	1.8	
cherry-pressure-plate	CHERRY_PRESSURE_PLATE	icon-minecraft-cherry-pressure-plate	1.08	1.8	
cherry-sapling	CHERRY_SAPLING	icon-minecraft-cherry-sapling	1.08	1.8	
cherry-shelf	CHERRY_SHELF	icon-minecraft-cherry-shelf	1.08	1.8	
cherry-sign	CHERRY_SIGN	icon-minecraft-cherry-sign	1.08	1.8	
cherry-slab	CHERRY_SLAB	icon-minecraft-cherry-slab	1.08	1.8	
cherry-stairs	CHERRY_STAIRS	icon-minecraft-cherry-stairs	1.08	1.8	
cherry-trapdoor	CHERRY_TRAPDOOR	icon-minecraft-cherry-trapdoor	1.08	1.8	
cherry-wall-hanging-sign	CHERRY_WALL_HANGING_SIGN	icon-minecraft-cherry-wall-hanging-sign	1.08	1.8	
cherry-wall-sign	CHERRY_WALL_SIGN	icon-minecraft-cherry-wall-sign	1.08	1.8	
cherry-wood	CHERRY_WOOD	icon-minecraft-cherry-wood	1.08	1.8	
chest	CHEST	icon-minecraft-chest	1.08	1.8	54
chest-minecart	CHEST_MINECART	icon-minecraft-chest-minecart	1.08	1.8	
chicken	CHICKEN	icon-minecraft-chicken	1.08	1.8	
chipped-anvil	CHIPPED_ANVIL	icon-minecraft-chipped-anvil	1.08	1.8	
chiseled-bookshelf	CHISELED_BOOKSHELF	icon-minecraft-chiseled-bookshelf	1.08	1.8	
chiseled-copper	CHISELED_COPPER	icon-minecraft-chiseled-copper	1.08	1.8	
chiseled-deepslate	CHISELED_DEEPSLATE	icon-minecraft-chiseled-deepslate	1.08	1.8	
chiseled-nether-bricks	CHISELED_NETHER_BRICKS	icon-minecraft-chiseled-nether-bricks	1.08	1.8	
chiseled-polished-blackstone	CHISELED_POLISHED_BLACKSTONE	icon-minecraft-chiseled-polished-blackstone	1.08	1.8	
chiseled_quartz_block	CHISELED_QUARTZ_BLOCK	icon-minecraft-chiseled-quartz-block	1.08	1.8	155
chiseled_red_sandstone	CHISELED_RED_SANDSTONE	icon-minecraft-chiseled-red-sandstone	1.08	1.8	179
chiseled-resin-bricks	CHISELED_RESIN_BRICKS	icon-minecraft-chiseled-resin-bricks	1.08	1.8	
chiseled_sandstone	CHISELED_SANDSTONE	icon-minecraft-chiseled-sandstone	1.08	1.8	24
chiseled_stone_bricks	CHISELED_STONE_BRICKS	icon-minecraft-chiseled-stone-bricks	1.08	1.8	98
chiseled-tuff	CHISELED_TUFF	icon-minecraft-chiseled-tuff	1.08	1.8	
chiseled-tuff-bricks	CHISELED_TUFF_BRICKS	icon-minecraft-chiseled-tuff-bricks	1.08	1.8	
chorus_flower	CHORUS_FLOWER	icon-minecraft-chorus-flower	1.09	1.9	200
chorus-fruit	CHORUS_FRUIT	icon-minecraft-chorus-fruit	1.08	1.8	
chorus_plant	CHORUS_PLANT	icon-minecraft-chorus-plant	1.09	1.9	199
clay	CLAY	icon-minecraft-clay	1.08	1.8	82
clay-ball	CLAY_BALL	icon-minecraft-clay-ball	1.08	1.8	
clock	CLOCK	icon-minecraft-clock	1.08	1.8	
closed-eyeblossom	CLOSED_EYEBLOSSOM	icon-minecraft-closed-eyeblossom	1.08	1.8	
coal	COAL	icon-minecraft-coal	1.08	1.8	263
coal_block	COAL_BLOCK	icon-minecraft-coal-block	1.08	1.8	173
coal_ore	COAL_ORE	icon-minecraft-coal-ore	1.08	1.8	16
coarse_dirt	COARSE_DIRT	icon-minecraft-coarse-dirt	1.08	1.8	3
coast-armor-trim-smithing-template	COAST_ARMOR_TRIM_SMITHING_TEMPLATE	icon-minecraft-coast-armor-trim-smithing-template	1.08	1.8	
cobbled-deepslate	COBBLED_DEEPSLATE	icon-minecraft-cobbled-deepslate	1.08	1.8	
cobbled-deepslate-slab	COBBLED_DEEPSLATE_SLAB	icon-minecraft-cobbled-deepslate-slab	1.08	1.8	
cobbled-deepslate-stairs	COBBLED_DEEPSLATE_STAIRS	icon-minecraft-cobbled-deepslate-stairs	1.08	1.8	
cobbled-deepslate-wall	COBBLED_DEEPSLATE_WALL	icon-minecraft-cobbled-deepslate-wall	1.08	1.8	
cobblestone	COBBLESTONE	icon-minecraft-cobblestone	1.08	1.8	4
cobblestone_slab	COBBLESTONE_SLAB	icon-minecraft-cobblestone-slab	1.08	1.8	44
cobblestone_stairs	COBBLESTONE_STAIRS	icon-minecraft-cobblestone-stairs	1.08	1.8	67
cobblestone_wall	COBBLESTONE_WALL	icon-minecraft-cobblestone-wall	1.08	1.8	139
cobweb	COBWEB	icon-minecraft-cobweb	1.08	1.8	30
cocoa	COCOA	icon-minecraft-cocoa	1.08	1.8	127
cocoa-beans	COCOA_BEANS	icon-minecraft-cocoa-beans	1.08	1.8	
cod	COD	icon-minecraft-cod	1.08	1.8	
cod-bucket	COD_BUCKET	icon-minecraft-cod-bucket	1.08	1.8	
command_block	COMMAND_BLOCK	icon-minecraft-command-block	1.08	1.8	137
command-block-minecart	COMMAND_BLOCK_MINECART	icon-minecraft-command-block-minecart	1.08	1.8	
comparator	COMPARATOR	icon-minecraft-comparator	1.08	1.8	
compass	COMPASS	icon-minecraft-compass	1.08	1.8	
composter	COMPOSTER	icon-minecraft-composter	1.08	1.8	
conduit	CONDUIT	icon-minecraft-conduit	1.08	1.8	
cooked-beef	COOKED_BEEF	icon-minecraft-cooked-beef	1.08	1.8	
cooked-chicken	COOKED_CHICKEN	icon-minecraft-cooked-chicken	1.08	1.8	
cooked-cod	COOKED_COD	icon-minecraft-cooked-cod	1.08	1.8	
cooked-mutton	COOKED_MUTTON	icon-minecraft-cooked-mutton	1.08	1.8	
cooked-porkchop	COOKED_PORKCHOP	icon-minecraft-cooked-porkchop	1.08	1.8	
cooked-rabbit	COOKED_RABBIT	icon-minecraft-cooked-rabbit	1.08	1.8	
cooked-salmon	COOKED_SALMON	icon-minecraft-cooked-salmon	1.08	1.8	
cookie	COOKIE	icon-minecraft-cookie	1.08	1.8	
copper-axe	COPPER_AXE	icon-minecraft-copper-axe	1.08	1.8	
copper-bars	COPPER_BARS	icon-minecraft-copper-bars	1.08	1.8	
copper-block	COPPER_BLOCK	icon-minecraft-copper-block	1.08	1.8	
copper-boots	COPPER_BOOTS	icon-minecraft-copper-boots	1.08	1.8	
copper-bulb	COPPER_BULB	icon-minecraft-copper-bulb	1.08	1.8	
copper-chain	COPPER_CHAIN	icon-minecraft-copper-chain	1.08	1.8	
copper-chest	COPPER_CHEST	icon-minecraft-copper-chest	1.08	1.8	
copper-chestplate	COPPER_CHESTPLATE	icon-minecraft-copper-chestplate	1.08	1.8	
copper-door	COPPER_DOOR	icon-minecraft-copper-door	1.08	1.8	
copper-golem-statue	COPPER_GOLEM_STATUE	icon-minecraft-copper-golem-statue	1.08	1.8	
copper-grate	COPPER_GRATE	icon-minecraft-copper-grate	1.08	1.8	
copper-helmet	COPPER_HELMET	icon-minecraft-copper-helmet	1.08	1.8	
copper-hoe	COPPER_HOE	icon-minecraft-copper-hoe	1.08	1.8	
copper-horse-armor	COPPER_HORSE_ARMOR	icon-minecraft-copper-horse-armor	1.08	1.8	
copper-ingot	COPPER_INGOT	icon-minecraft-copper-ingot	1.08	1.8	
copper-lantern	COPPER_LANTERN	icon-minecraft-copper-lantern	1.08	1.8	
copper-leggings	COPPER_LEGGINGS	icon-minecraft-copper-leggings	1.08	1.8	
copper-nautilus-armor	COPPER_NAUTILUS_ARMOR	icon-minecraft-copper-nautilus-armor	1.08	1.8	
copper-nugget	COPPER_NUGGET	icon-minecraft-copper-nugget	1.08	1.8	
copper-ore	COPPER_ORE	icon-minecraft-copper-ore	1.08	1.8	
copper-pickaxe	COPPER_PICKAXE	icon-minecraft-copper-pickaxe	1.08	1.8	
copper-shovel	COPPER_SHOVEL	icon-minecraft-copper-shovel	1.08	1.8	
copper-spear	COPPER_SPEAR	icon-minecraft-copper-spear	1.08	1.8	
copper-sword	COPPER_SWORD	icon-minecraft-copper-sword	1.08	1.8	
copper-torch	COPPER_TORCH	icon-minecraft-copper-torch	1.08	1.8	
copper-trapdoor	COPPER_TRAPDOOR	icon-minecraft-copper-trapdoor	1.08	1.8	
copper-wall-torch	COPPER_WALL_TORCH	icon-minecraft-copper-wall-torch	1.08	1.8	
cornflower	CORNFLOWER	icon-minecraft-cornflower	1.08	1.8	
cracked-deepslate-bricks	CRACKED_DEEPSLATE_BRICKS	icon-minecraft-cracked-deepslate-bricks	1.08	1.8	
cracked-deepslate-tiles	CRACKED_DEEPSLATE_TILES	icon-minecraft-cracked-deepslate-tiles	1.08	1.8	
cracked-nether-bricks	CRACKED_NETHER_BRICKS	icon-minecraft-cracked-nether-bricks	1.08	1.8	
cracked-polished-blackstone-bricks	CRACKED_POLISHED_BLACKSTONE_BRICKS	icon-minecraft-cracked-polished-blackstone-bricks	1.08	1.8	
cracked_stone_bricks	CRACKED_STONE_BRICKS	icon-minecraft-cracked-stone-bricks	1.08	1.8	98
crafter	CRAFTER	icon-minecraft-crafter	1.08	1.8	
crafting_table	CRAFTING_TABLE	icon-minecraft-crafting-table	1.08	1.8	58
creaking-heart	CREAKING_HEART	icon-minecraft-creaking-heart	1.08	1.8	
creeper-banner-pattern	CREEPER_BANNER_PATTERN	icon-minecraft-creeper-banner-pattern	1.08	1.8	
creeper-head	CREEPER_HEAD	icon-minecraft-creeper-head	1.08	1.8	
creeper-wall-head	CREEPER_WALL_HEAD	icon-minecraft-creeper-wall-head	1.08	1.8	
crimson-button	CRIMSON_BUTTON	icon-minecraft-crimson-button	1.08	1.8	
crimson-door	CRIMSON_DOOR	icon-minecraft-crimson-door	1.08	1.8	
crimson-fence	CRIMSON_FENCE	icon-minecraft-crimson-fence	1.08	1.8	
crimson-fence-gate	CRIMSON_FENCE_GATE	icon-minecraft-crimson-fence-gate	1.08	1.8	
crimson-fungus	CRIMSON_FUNGUS	icon-minecraft-crimson-fungus	1.08	1.8	
crimson-hanging-sign	CRIMSON_HANGING_SIGN	icon-minecraft-crimson-hanging-sign	1.08	1.8	
crimson-hyphae	CRIMSON_HYPHAE	icon-minecraft-crimson-hyphae	1.08	1.8	
crimson-nylium	CRIMSON_NYLIUM	icon-minecraft-crimson-nylium	1.08	1.8	
crimson-planks	CRIMSON_PLANKS	icon-minecraft-crimson-planks	1.08	1.8	
crimson-pressure-plate	CRIMSON_PRESSURE_PLATE	icon-minecraft-crimson-pressure-plate	1.08	1.8	
crimson-roots	CRIMSON_ROOTS	icon-minecraft-crimson-roots	1.08	1.8	
crimson-shelf	CRIMSON_SHELF	icon-minecraft-crimson-shelf	1.08	1.8	
crimson-sign	CRIMSON_SIGN	icon-minecraft-crimson-sign	1.08	1.8	
crimson-slab	CRIMSON_SLAB	icon-minecraft-crimson-slab	1.08	1.8	
crimson-stairs	CRIMSON_STAIRS	icon-minecraft-crimson-stairs	1.08	1.8	
crimson-stem	CRIMSON_STEM	icon-minecraft-crimson-stem	1.08	1.8	
crimson-trapdoor	CRIMSON_TRAPDOOR	icon-minecraft-crimson-trapdoor	1.08	1.8	
crimson-wall-hanging-sign	CRIMSON_WALL_HANGING_SIGN	icon-minecraft-crimson-wall-hanging-sign	1.08	1.8	
crimson-wall-sign	CRIMSON_WALL_SIGN	icon-minecraft-crimson-wall-sign	1.08	1.8	
crossbow	CROSSBOW	icon-minecraft-crossbow	1.08	1.8	
crying-obsidian	CRYING_OBSIDIAN	icon-minecraft-crying-obsidian	1.08	1.8	
cut-copper	CUT_COPPER	icon-minecraft-cut-copper	1.08	1.8	
cut-copper-slab	CUT_COPPER_SLAB	icon-minecraft-cut-copper-slab	1.08	1.8	
cut-copper-stairs	CUT_COPPER_STAIRS	icon-minecraft-cut-copper-stairs	1.08	1.8	
cut-red-sandstone	CUT_RED_SANDSTONE	icon-minecraft-cut-red-sandstone	1.08	1.8	
cut-red-sandstone-slab	CUT_RED_SANDSTONE_SLAB	icon-minecraft-cut-red-sandstone-slab	1.08	1.8	
cut-sandstone	CUT_SANDSTONE	icon-minecraft-cut-sandstone	1.08	1.8	
cut-sandstone-slab	CUT_SANDSTONE_SLAB	icon-minecraft-cut-sandstone-slab	1.08	1.8	
cyan-banner	CYAN_BANNER	icon-minecraft-cyan-banner	1.08	1.8	
cyan-bed	CYAN_BED	icon-minecraft-cyan-bed	1.08	1.8	
cyan-bundle	CYAN_BUNDLE	icon-minecraft-cyan-bundle	1.08	1.8	
cyan-candle	CYAN_CANDLE	icon-minecraft-cyan-candle	1.08	1.8	
cyan-candle-cake	CYAN_CANDLE_CAKE	icon-minecraft-cyan-candle-cake	1.08	1.8	
cyan_carpet	CYAN_CARPET	icon-minecraft-cyan-carpet	1.08	1.8	171
cyan_concrete	CYAN_CONCRETE	icon-minecraft-cyan-concrete	1.12	1.12	251
cyan_concrete_powder	CYAN_CONCRETE_POWDER	icon-minecraft-cyan-concrete-powder	1.12	1.12	252
cyan-dye	CYAN_DYE	icon-minecraft-cyan-dye	1.08	1.8	
cyan_glazed_terracotta	CYAN_GLAZED_TERRACOTTA	icon-minecraft-cyan-glazed-terracotta	1.12	1.12	244
cyan-harness	CYAN_HARNESS	icon-minecraft-cyan-harness	1.08	1.8	
cyan_shulker_box	CYAN_SHULKER_BOX	icon-minecraft-cyan-shulker-box	1.11	1.11	228
cyan_stained_glass	CYAN_STAINED_GLASS	icon-minecraft-cyan-stained-glass	1.21	1.21	95
cyan_stained_glass_pane	CYAN_STAINED_GLASS_PANE	icon-minecraft-cyan-stained-glass-pane	1.21	1.21	160
cyan_terracotta	CYAN_TERRACOTTA	icon-minecraft-cyan-terracotta	1.08	1.8	159
cyan-wall-banner	CYAN_WALL_BANNER	icon-minecraft-cyan-wall-banner	1.08	1.8	
cyan_wool	CYAN_WOOL	icon-minecraft-cyan-wool	1.08	1.8	35
damaged-anvil	DAMAGED_ANVIL	icon-minecraft-damaged-anvil	1.08	1.8	
dandelion	DANDELION	icon-minecraft-dandelion	1.08	1.8	37
danger-pottery-sherd	DANGER_POTTERY_SHERD	icon-minecraft-danger-pottery-sherd	1.08	1.8	
dark-oak-boat	DARK_OAK_BOAT	icon-minecraft-dark-oak-boat	1.08	1.8	
dark-oak-button	DARK_OAK_BUTTON	icon-minecraft-dark-oak-button	1.08	1.8	
dark-oak-chest-boat	DARK_OAK_CHEST_BOAT	icon-minecraft-dark-oak-chest-boat	1.08	1.8	
dark-oak-door	DARK_OAK_DOOR	icon-minecraft-dark-oak-door	1.08	1.8	
dark_oak_fence	DARK_OAK_FENCE	icon-minecraft-dark-oak-fence	1.08	1.8	191
dark_oak_fence_gate	DARK_OAK_FENCE_GATE	icon-minecraft-dark-oak-fence-gate	1.08	1.8	186
dark-oak-hanging-sign	DARK_OAK_HANGING_SIGN	icon-minecraft-dark-oak-hanging-sign	1.08	1.8	
dark_oak_leaves	DARK_OAK_LEAVES	icon-minecraft-dark-oak-leaves	1.21	1.21	161
dark_oak_log	DARK_OAK_WOOD	icon-minecraft-dark-oak-log	1.21	1.21	162
dark_oak_planks	DARK_OAK_PLANKS	icon-minecraft-dark-oak-planks	1.21	1.21	5
dark-oak-pressure-plate	DARK_OAK_PRESSURE_PLATE	icon-minecraft-dark-oak-pressure-plate	1.08	1.8	
dark_oak_sapling	DARK_OAK_SAPLING	icon-minecraft-dark-oak-sapling	1.21	1.21	6
dark-oak-shelf	DARK_OAK_SHELF	icon-minecraft-dark-oak-shelf	1.08	1.8	
dark-oak-sign	DARK_OAK_SIGN	icon-minecraft-dark-oak-sign	1.08	1.8	
dark_oak_slab	DARK_OAK_SLAB	icon-minecraft-dark-oak-slab	1.21	1.21	126
dark_oak_stairs	DARK_OAK_STAIRS	icon-minecraft-dark-oak-stairs	1.21	1.21	164
dark-oak-trapdoor	DARK_OAK_TRAPDOOR	icon-minecraft-dark-oak-trapdoor	1.08	1.8	
dark-oak-wall-hanging-sign	DARK_OAK_WALL_HANGING_SIGN	icon-minecraft-dark-oak-wall-hanging-sign	1.08	1.8	
dark-oak-wall-sign	DARK_OAK_WALL_SIGN	icon-minecraft-dark-oak-wall-sign	1.08	1.8	
dark-oak-wood	DARK_OAK_WOOD	icon-minecraft-dark-oak-wood	1.08	1.8	
dark_prismarine	DARK_PRISMARINE	icon-minecraft-dark-prismarine	1.08	1.8	161
dark-prismarine-slab	DARK_PRISMARINE_SLAB	icon-minecraft-dark-prismarine-slab	1.08	1.8	
dark-prismarine-stairs	DARK_PRISMARINE_STAIRS	icon-minecraft-dark-prismarine-stairs	1.08	1.8	
daylight_detector	DAYLIGHT_DETECTOR	icon-minecraft-daylight-detector	1.08	1.8	151
dead-brain-coral	DEAD_BRAIN_CORAL	icon-minecraft-dead-brain-coral	1.08	1.8	
dead-brain-coral-block	DEAD_BRAIN_CORAL_BLOCK	icon-minecraft-dead-brain-coral-block	1.08	1.8	
dead-brain-coral-fan	DEAD_BRAIN_CORAL_FAN	icon-minecraft-dead-brain-coral-fan	1.08	1.8	
dead-brain-coral-wall-fan	DEAD_BRAIN_CORAL_WALL_FAN	icon-minecraft-dead-brain-coral-wall-fan	1.08	1.8	
dead-bubble-coral	DEAD_BUBBLE_CORAL	icon-minecraft-dead-bubble-coral	1.08	1.8	
dead-bubble-coral-block	DEAD_BUBBLE_CORAL_BLOCK	icon-minecraft-dead-bubble-coral-block	1.08	1.8	
dead-bubble-coral-fan	DEAD_BUBBLE_CORAL_FAN	icon-minecraft-dead-bubble-coral-fan	1.08	1.8	
dead-bubble-coral-wall-fan	DEAD_BUBBLE_CORAL_WALL_FAN	icon-minecraft-dead-bubble-coral-wall-fan	1.08	1.8	
dead_bush	DEAD_BUSH	icon-minecraft-dead-bush	1.08	1.8	32
dead-fire-coral	DEAD_FIRE_CORAL	icon-minecraft-dead-fire-coral	1.08	1.8	
dead-fire-coral-block	DEAD_FIRE_CORAL_BLOCK	icon-minecraft-dead-fire-coral-block	1.08	1.8	
dead-fire-coral-fan	DEAD_FIRE_CORAL_FAN	icon-minecraft-dead-fire-coral-fan	1.08	1.8	
dead-fire-coral-wall-fan	DEAD_FIRE_CORAL_WALL_FAN	icon-minecraft-dead-fire-coral-wall-fan	1.08	1.8	
dead-horn-coral	DEAD_HORN_CORAL	icon-minecraft-dead-horn-coral	1.08	1.8	
dead-horn-coral-block	DEAD_HORN_CORAL_BLOCK	icon-minecraft-dead-horn-coral-block	1.08	1.8	
dead-horn-coral-fan	DEAD_HORN_CORAL_FAN	icon-minecraft-dead-horn-coral-fan	1.08	1.8	
dead-horn-coral-wall-fan	DEAD_HORN_CORAL_WALL_FAN	icon-minecraft-dead-horn-coral-wall-fan	1.08	1.8	
dead-tube-coral	DEAD_TUBE_CORAL	icon-minecraft-dead-tube-coral	1.08	1.8	
dead-tube-coral-block	DEAD_TUBE_CORAL_BLOCK	icon-minecraft-dead-tube-coral-block	1.08	1.8	
dead-tube-coral-fan	DEAD_TUBE_CORAL_FAN	icon-minecraft-dead-tube-coral-fan	1.08	1.8	
dead-tube-coral-wall-fan	DEAD_TUBE_CORAL_WALL_FAN	icon-minecraft-dead-tube-coral-wall-fan	1.08	1.8	
debug-stick	DEBUG_STICK	icon-minecraft-debug-stick	1.08	1.8	
decorated-pot	DECORATED_POT	icon-minecraft-decorated-pot	1.08	1.8	
deepslate	DEEPSLATE	icon-minecraft-deepslate	1.08	1.8	
deepslate-bricks	DEEPSLATE_BRICKS	icon-minecraft-deepslate-bricks	1.08	1.8	
deepslate-brick-slab	DEEPSLATE_BRICK_SLAB	icon-minecraft-deepslate-brick-slab	1.08	1.8	
deepslate-brick-stairs	DEEPSLATE_BRICK_STAIRS	icon-minecraft-deepslate-brick-stairs	1.08	1.8	
deepslate-brick-wall	DEEPSLATE_BRICK_WALL	icon-minecraft-deepslate-brick-wall	1.08	1.8	
deepslate-coal-ore	DEEPSLATE_COAL_ORE	icon-minecraft-deepslate-coal-ore	1.08	1.8	
deepslate-copper-ore	DEEPSLATE_COPPER_ORE	icon-minecraft-deepslate-copper-ore	1.08	1.8	
deepslate-diamond-ore	DEEPSLATE_DIAMOND_ORE	icon-minecraft-deepslate-diamond-ore	1.08	1.8	
deepslate-emerald-ore	DEEPSLATE_EMERALD_ORE	icon-minecraft-deepslate-emerald-ore	1.08	1.8	
deepslate-gold-ore	DEEPSLATE_GOLD_ORE	icon-minecraft-deepslate-gold-ore	1.08	1.8	
deepslate-iron-ore	DEEPSLATE_IRON_ORE	icon-minecraft-deepslate-iron-ore	1.08	1.8	
deepslate-lapis-ore	DEEPSLATE_LAPIS_ORE	icon-minecraft-deepslate-lapis-ore	1.08	1.8	
deepslate-redstone-ore	DEEPSLATE_REDSTONE_ORE	icon-minecraft-deepslate-redstone-ore	1.08	1.8	
deepslate-tiles	DEEPSLATE_TILES	icon-minecraft-deepslate-tiles	1.08	1.8	
deepslate-tile-slab	DEEPSLATE_TILE_SLAB	icon-minecraft-deepslate-tile-slab	1.08	1.8	
deepslate-tile-stairs	DEEPSLATE_TILE_STAIRS	icon-minecraft-deepslate-tile-stairs	1.08	1.8	
deepslate-tile-wall	DEEPSLATE_TILE_WALL	icon-minecraft-deepslate-tile-wall	1.08	1.8	
detector_rail	DETECTOR_RAIL	icon-minecraft-detector-rail	1.08	1.8	28
diamond	DIAMOND	icon-minecraft-diamond	1.08	1.8	264
diamond-axe	DIAMOND_AXE	icon-minecraft-diamond-axe	1.08	1.8	
diamond_block	DIAMOND_BLOCK	icon-minecraft-diamond-block	1.08	1.8	57
diamond-boots	DIAMOND_BOOTS	icon-minecraft-diamond-boots	1.08	1.8	
diamond-chestplate	DIAMOND_CHESTPLATE	icon-minecraft-diamond-chestplate	1.08	1.8	
diamond-helmet	DIAMOND_HELMET	icon-minecraft-diamond-helmet	1.08	1.8	
diamond-hoe	DIAMOND_HOE	icon-minecraft-diamond-hoe	1.08	1.8	
diamond-horse-armor	DIAMOND_HORSE_ARMOR	icon-minecraft-diamond-horse-armor	1.08	1.8	
diamond-leggings	DIAMOND_LEGGINGS	icon-minecraft-diamond-leggings	1.08	1.8	
diamond-nautilus-armor	DIAMOND_NAUTILUS_ARMOR	icon-minecraft-diamond-nautilus-armor	1.08	1.8	
diamond_ore	DIAMOND_ORE	icon-minecraft-diamond-ore	1.08	1.8	56
diamond-pickaxe	DIAMOND_PICKAXE	icon-minecraft-diamond-pickaxe	1.08	1.8	
diamond-shovel	DIAMOND_SHOVEL	icon-minecraft-diamond-shovel	1.08	1.8	
diamond-spear	DIAMOND_SPEAR	icon-minecraft-diamond-spear	1.08	1.8	
diamond-sword	DIAMOND_SWORD	icon-minecraft-diamond-sword	1.08	1.8	
diorite	DIORITE	icon-minecraft-diorite	1.08	1.8	1
diorite-slab	DIORITE_SLAB	icon-minecraft-diorite-slab	1.08	1.8	
diorite-stairs	DIORITE_STAIRS	icon-minecraft-diorite-stairs	1.08	1.8	
diorite-wall	DIORITE_WALL	icon-minecraft-diorite-wall	1.08	1.8	
dirt	GRASS	icon-minecraft-dirt	1.08	1.8	3
dirt_path	DIRT_PATH	icon-minecraft-dirt-path	1.09	1.9	208
disc-fragment-5	DISC_FRAGMENT_5	icon-minecraft-disc-fragment-5	1.08	1.8	
dispenser	DISPENSER	icon-minecraft-dispenser	1.08	1.8	23
dragon-breath	DRAGON_BREATH	icon-minecraft-dragon-breath	1.08	1.8	
dragon_egg	DRAGON_EGG	icon-minecraft-dragon-egg	1.08	1.8	122
dragon-head	DRAGON_HEAD	icon-minecraft-dragon-head	1.08	1.8	
dragon-wall-head	DRAGON_WALL_HEAD	icon-minecraft-dragon-wall-head	1.08	1.8	
dried-ghast	DRIED_GHAST	icon-minecraft-dried-ghast	1.08	1.8	
dried-kelp	DRIED_KELP	icon-minecraft-dried-kelp	1.08	1.8	
dried-kelp-block	DRIED_KELP_BLOCK	icon-minecraft-dried-kelp-block	1.08	1.8	
dripstone-block	DRIPSTONE_BLOCK	icon-minecraft-dripstone-block	1.08	1.8	
dropper	DROPPER	icon-minecraft-dropper	1.08	1.8	158
dune-armor-trim-smithing-template	DUNE_ARMOR_TRIM_SMITHING_TEMPLATE	icon-minecraft-dune-armor-trim-smithing-template	1.08	1.8	
echo-shard	ECHO_SHARD	icon-minecraft-echo-shard	1.08	1.8	
egg	EGG	icon-minecraft-egg	1.08	1.8	
elytra	ELYTRA	icon-minecraft-elytra	1.08	1.8	
emerald	EMERALD	icon-minecraft-emerald	1.08	1.8	
emerald_block	EMERALD_BLOCK	icon-minecraft-emerald-block	1.08	1.8	133
emerald_ore	EMERALD_ORE	icon-minecraft-emerald-ore	1.08	1.8	129
enchanted-book	ENCHANTED_BOOK	icon-minecraft-enchanted-book	1.08	1.8	
enchanted-golden-apple	ENCHANTED_GOLDEN_APPLE	icon-minecraft-enchanted-golden-apple	1.08	1.8	
enchanting_table	ENCHANTMENT_TABLE	icon-minecraft-enchanting-table	1.08	1.8	116
end-crystal	END_CRYSTAL	icon-minecraft-end-crystal	1.08	1.8	
ender_chest	END_CHEST	icon-minecraft-ender-chest	1.08	1.8	130
ender-eye	ENDER_EYE	icon-minecraft-ender-eye	1.08	1.8	
ender-pearl	ENDER_PEARL	icon-minecraft-ender-pearl	1.08	1.8	
end-gateway	END_GATEWAY	icon-minecraft-end-gateway	1.08	1.8	
end-portal	END_PORTAL	icon-minecraft-end-portal	1.08	1.8	
end_portal_frame	END_PORTAL_FRAME	icon-minecraft-end-portal-frame	1.08	1.8	120
end_rod	END_ROD	icon-minecraft-end-rod	1.09	1.9	198
end_stone	END_STONE	icon-minecraft-end-stone	1.08	1.8	121
end_stone_bricks	END_BRICKS	icon-minecraft-end-stone-bricks	1.09	1.9	206
end-stone-brick-slab	END_STONE_BRICK_SLAB	icon-minecraft-end-stone-brick-slab	1.08	1.8	
end-stone-brick-stairs	END_STONE_BRICK_STAIRS	icon-minecraft-end-stone-brick-stairs	1.08	1.8	
end-stone-brick-wall	END_STONE_BRICK_WALL	icon-minecraft-end-stone-brick-wall	1.08	1.8	
experience-bottle	EXPERIENCE_BOTTLE	icon-minecraft-experience-bottle	1.08	1.8	
explorer-pottery-sherd	EXPLORER_POTTERY_SHERD	icon-minecraft-explorer-pottery-sherd	1.08	1.8	
exposed-chiseled-copper	EXPOSED_CHISELED_COPPER	icon-minecraft-exposed-chiseled-copper	1.08	1.8	
exposed-copper	EXPOSED_COPPER	icon-minecraft-exposed-copper	1.08	1.8	
exposed-copper-bars	EXPOSED_COPPER_BARS	icon-minecraft-exposed-copper-bars	1.08	1.8	
exposed-copper-bulb	EXPOSED_COPPER_BULB	icon-minecraft-exposed-copper-bulb	1.08	1.8	
exposed-copper-chain	EXPOSED_COPPER_CHAIN	icon-minecraft-exposed-copper-chain	1.08	1.8	
exposed-copper-chest	EXPOSED_COPPER_CHEST	icon-minecraft-exposed-copper-chest	1.08	1.8	
exposed-copper-door	EXPOSED_COPPER_DOOR	icon-minecraft-exposed-copper-door	1.08	1.8	
exposed-copper-golem-statue	EXPOSED_COPPER_GOLEM_STATUE	icon-minecraft-exposed-copper-golem-statue	1.08	1.8	
exposed-copper-grate	EXPOSED_COPPER_GRATE	icon-minecraft-exposed-copper-grate	1.08	1.8	
exposed-copper-lantern	EXPOSED_COPPER_LANTERN	icon-minecraft-exposed-copper-lantern	1.08	1.8	
exposed-copper-trapdoor	EXPOSED_COPPER_TRAPDOOR	icon-minecraft-exposed-copper-trapdoor	1.08	1.8	
exposed-cut-copper	EXPOSED_CUT_COPPER	icon-minecraft-exposed-cut-copper	1.08	1.8	
exposed-cut-copper-slab	EXPOSED_CUT_COPPER_SLAB	icon-minecraft-exposed-cut-copper-slab	1.08	1.8	
exposed-cut-copper-stairs	EXPOSED_CUT_COPPER_STAIRS	icon-minecraft-exposed-cut-copper-stairs	1.08	1.8	
exposed-lightning-rod	EXPOSED_LIGHTNING_ROD	icon-minecraft-exposed-lightning-rod	1.08	1.8	
eye-armor-trim-smithing-template	EYE_ARMOR_TRIM_SMITHING_TEMPLATE	icon-minecraft-eye-armor-trim-smithing-template	1.08	1.8	
farmland	FARMLAND	icon-minecraft-farmland	1.08	1.8	60
feather	FEATHER	icon-minecraft-feather	1.08	1.8	
fermented-spider-eye	FERMENTED_SPIDER_EYE	icon-minecraft-fermented-spider-eye	1.08	1.8	
fern	FERN	icon-minecraft-fern	1.08	1.8	31
field-masoned-banner-pattern	FIELD_MASONED_BANNER_PATTERN	icon-minecraft-field-masoned-banner-pattern	1.08	1.8	
filled-map	FILLED_MAP	icon-minecraft-filled-map	1.08	1.8	
fire	FIRE	icon-minecraft-fire	1.08	1.8	51
fire-charge	FIRE_CHARGE	icon-minecraft-fire-charge	1.08	1.8	
fire-coral	FIRE_CORAL	icon-minecraft-fire-coral	1.08	1.8	
fire-coral-block	FIRE_CORAL_BLOCK	icon-minecraft-fire-coral-block	1.08	1.8	
fire-coral-fan	FIRE_CORAL_FAN	icon-minecraft-fire-coral-fan	1.08	1.8	
fire-coral-wall-fan	FIRE_CORAL_WALL_FAN	icon-minecraft-fire-coral-wall-fan	1.08	1.8	
firefly-bush	FIREFLY_BUSH	icon-minecraft-firefly-bush	1.08	1.8	
firework-rocket	FIREWORK_ROCKET	icon-minecraft-firework-rocket	1.08	1.8	
firework-star	FIREWORK_STAR	icon-minecraft-firework-star	1.08	1.8	
fishing-rod	FISHING_ROD	icon-minecraft-fishing-rod	1.08	1.8	
fletching-table	FLETCHING_TABLE	icon-minecraft-fletching-table	1.08	1.8	
flint	FLINT	icon-minecraft-flint	1.08	1.8	
flint_and_steel	FLINT_AND_STEEL	icon-minecraft-flint-and-steel	1.08	1.8	259
flow-armor-trim-smithing-template	FLOW_ARMOR_TRIM_SMITHING_TEMPLATE	icon-minecraft-flow-armor-trim-smithing-template	1.08	1.8	
flow-banner-pattern	FLOW_BANNER_PATTERN	icon-minecraft-flow-banner-pattern	1.08	1.8	
flower-banner-pattern	FLOWER_BANNER_PATTERN	icon-minecraft-flower-banner-pattern	1.08	1.8	
flowering-azalea	FLOWERING_AZALEA	icon-minecraft-flowering-azalea	1.08	1.8	
flowering-azalea-leaves	FLOWERING_AZALEA_LEAVES	icon-minecraft-flowering-azalea-leaves	1.08	1.8	
flower-pot	FLOWER_POT	icon-minecraft-flower-pot	1.08	1.8	
flow-pottery-sherd	FLOW_POTTERY_SHERD	icon-minecraft-flow-pottery-sherd	1.08	1.8	
friend-pottery-sherd	FRIEND_POTTERY_SHERD	icon-minecraft-friend-pottery-sherd	1.08	1.8	
frogspawn	FROGSPAWN	icon-minecraft-frogspawn	1.08	1.8	
frosted_ice	FROSTED_ICE	icon-minecraft-frosted-ice	1.08	1.8	212
furnace	FURNACE	icon-minecraft-furnace	1.08	1.8	61
furnace-minecart	FURNACE_MINECART	icon-minecraft-furnace-minecart	1.08	1.8	
ghast-tear	GHAST_TEAR	icon-minecraft-ghast-tear	1.08	1.8	
gilded-blackstone	GILDED_BLACKSTONE	icon-minecraft-gilded-blackstone	1.08	1.8	
glass	GLASS	icon-minecraft-glass	1.08	1.8	20
glass-bottle	GLASS_BOTTLE	icon-minecraft-glass-bottle	1.08	1.8	
glass_pane	GLASS_PANE	icon-minecraft-glass-pane	1.08	1.8	102
glistering-melon-slice	GLISTERING_MELON_SLICE	icon-minecraft-glistering-melon-slice	1.08	1.8	
globe-banner-pattern	GLOBE_BANNER_PATTERN	icon-minecraft-globe-banner-pattern	1.08	1.8	
glow-berries	GLOW_BERRIES	icon-minecraft-glow-berries	1.08	1.8	
glow-ink-sac	GLOW_INK_SAC	icon-minecraft-glow-ink-sac	1.08	1.8	
glow-item-frame	GLOW_ITEM_FRAME	icon-minecraft-glow-item-frame	1.08	1.8	
glow-lichen	GLOW_LICHEN	icon-minecraft-glow-lichen	1.08	1.8	
glowstone	GLOWSTONE	icon-minecraft-glowstone	1.08	1.8	89
glowstone-dust	GLOWSTONE_DUST	icon-minecraft-glowstone-dust	1.08	1.8	
goat-horn	GOAT_HORN	icon-minecraft-goat-horn	1.08	1.8	
gold_block	GOLD_BLOCK	icon-minecraft-gold-block	1.08	1.8	41
golden-apple	GOLDEN_APPLE	icon-minecraft-golden-apple	1.08	1.8	
golden-axe	GOLDEN_AXE	icon-minecraft-golden-axe	1.08	1.8	
golden-boots	GOLDEN_BOOTS	icon-minecraft-golden-boots	1.08	1.8	
golden-carrot	GOLDEN_CARROT	icon-minecraft-golden-carrot	1.08	1.8	
golden-chestplate	GOLDEN_CHESTPLATE	icon-minecraft-golden-chestplate	1.08	1.8	
golden-helmet	GOLDEN_HELMET	icon-minecraft-golden-helmet	1.08	1.8	
golden-hoe	GOLDEN_HOE	icon-minecraft-golden-hoe	1.08	1.8	
golden-horse-armor	GOLDEN_HORSE_ARMOR	icon-minecraft-golden-horse-armor	1.08	1.8	
golden-leggings	GOLDEN_LEGGINGS	icon-minecraft-golden-leggings	1.08	1.8	
golden-nautilus-armor	GOLDEN_NAUTILUS_ARMOR	icon-minecraft-golden-nautilus-armor	1.08	1.8	
golden-pickaxe	GOLDEN_PICKAXE	icon-minecraft-golden-pickaxe	1.08	1.8	
golden-shovel	GOLDEN_SHOVEL	icon-minecraft-golden-shovel	1.08	1.8	
golden-spear	GOLDEN_SPEAR	icon-minecraft-golden-spear	1.08	1.8	
golden-sword	GOLDEN_SWORD	icon-minecraft-golden-sword	1.08	1.8	
gold_ingot	GOLD_INGOT	icon-minecraft-gold-ingot	1.08	1.8	266
gold-nugget	GOLD_NUGGET	icon-minecraft-gold-nugget	1.08	1.8	
gold_ore	GOLD_ORE	icon-minecraft-gold-ore	1.08	1.8	14
granite	GRANITE	icon-minecraft-granite	1.08	1.8	1
granite-slab	GRANITE_SLAB	icon-minecraft-granite-slab	1.08	1.8	
granite-stairs	GRANITE_STAIRS	icon-minecraft-granite-stairs	1.08	1.8	
granite-wall	GRANITE_WALL	icon-minecraft-granite-wall	1.08	1.8	
grass	GRASS	icon-minecraft-grass	1.08	1.8	31
grass_block	GRASS_BLOCK	icon-minecraft-grass-block	1.08	1.8	2
gravel	GRAVEL	icon-minecraft-gravel	1.08	1.8	13
gray-banner	GRAY_BANNER	icon-minecraft-gray-banner	1.08	1.8	
gray-bed	GRAY_BED	icon-minecraft-gray-bed	1.08	1.8	
gray-bundle	GRAY_BUNDLE	icon-minecraft-gray-bundle	1.08	1.8	
gray-candle	GRAY_CANDLE	icon-minecraft-gray-candle	1.08	1.8	
gray-candle-cake	GRAY_CANDLE_CAKE	icon-minecraft-gray-candle-cake	1.08	1.8	
gray_carpet	GRAY_CARPET	icon-minecraft-gray-carpet	1.08	1.8	171
gray_concrete	GRAY_CONCRETE	icon-minecraft-gray-concrete	1.12	1.12	251
gray_concrete_powder	GRAY_CONCRETE_POWDER	icon-minecraft-gray-concrete-powder	1.12	1.12	252
gray-dye	GRAY_DYE	icon-minecraft-gray-dye	1.08	1.8	
gray_glazed_terracotta	GRAY_GLAZED_TERRACOTTA	icon-minecraft-gray-glazed-terracotta	1.12	1.12	242
gray-harness	GRAY_HARNESS	icon-minecraft-gray-harness	1.08	1.8	
gray_shulker_box	GRAY_SHULKER_BOX	icon-minecraft-gray-shulker-box	1.11	1.11	226
gray_stained_glass	GRAY_STAINED_GLASS	icon-minecraft-gray-stained-glass	1.21	1.21	95
gray_stained_glass_pane	GRAY_STAINED_GLASS_PANE	icon-minecraft-gray-stained-glass-pane	1.21	1.21	160
gray_terracotta	GRAY_TERRACOTTA	icon-minecraft-gray-terracotta	1.08	1.8	159
gray-wall-banner	GRAY_WALL_BANNER	icon-minecraft-gray-wall-banner	1.08	1.8	
gray_wool	GRAY_WOOL	icon-minecraft-gray-wool	1.08	1.8	35
green-banner	GREEN_BANNER	icon-minecraft-green-banner	1.08	1.8	
green-bed	GREEN_BED	icon-minecraft-green-bed	1.08	1.8	
green-bundle	GREEN_BUNDLE	icon-minecraft-green-bundle	1.08	1.8	
green-candle	GREEN_CANDLE	icon-minecraft-green-candle	1.08	1.8	
green-candle-cake	GREEN_CANDLE_CAKE	icon-minecraft-green-candle-cake	1.08	1.8	
green_carpet	GREEN_CARPET	icon-minecraft-green-carpet	1.08	1.8	171
green_concrete	GREEN_CONCRETE	icon-minecraft-green-concrete	1.12	1.12	251
green_concrete_powder	GREEN_CONCRETE_POWDER	icon-minecraft-green-concrete-powder	1.12	1.12	252
green-dye	GREEN_DYE	icon-minecraft-green-dye	1.08	1.8	
green_glazed_terracotta	GREEN_GLAZED_TERRACOTTA	icon-minecraft-green-glazed-terracotta	1.12	1.12	248
green-harness	GREEN_HARNESS	icon-minecraft-green-harness	1.08	1.8	
green_shulker_box	GREEN_SHULKER_BOX	icon-minecraft-green-shulker-box	1.11	1.11	232
green_stained_glass	GREEN_STAINED_GLASS	icon-minecraft-green-stained-glass	1.21	1.21	95
green_stained_glass_pane	GREEN_STAINED_GLASS_PANE	icon-minecraft-green-stained-glass-pane	1.21	1.21	160
green_terracotta	GREEN_TERRACOTTA	icon-minecraft-green-terracotta	1.08	1.8	159
green-wall-banner	GREEN_WALL_BANNER	icon-minecraft-green-wall-banner	1.08	1.8	
green_wool	GREEN_WOOL	icon-minecraft-green-wool	1.08	1.8	35
grindstone	GRINDSTONE	icon-minecraft-grindstone	1.08	1.8	
gunpowder	GUNPOWDER	icon-minecraft-gunpowder	1.08	1.8	
guster-banner-pattern	GUSTER_BANNER_PATTERN	icon-minecraft-guster-banner-pattern	1.08	1.8	
guster-pottery-sherd	GUSTER_POTTERY_SHERD	icon-minecraft-guster-pottery-sherd	1.08	1.8	
hanging-roots	HANGING_ROOTS	icon-minecraft-hanging-roots	1.08	1.8	
hay_block	HAY_BLOCK	icon-minecraft-hay-block	1.08	1.8	170
heartbreak-pottery-sherd	HEARTBREAK_POTTERY_SHERD	icon-minecraft-heartbreak-pottery-sherd	1.08	1.8	
heart-of-the-sea	HEART_OF_THE_SEA	icon-minecraft-heart-of-the-sea	1.08	1.8	
heart-pottery-sherd	HEART_POTTERY_SHERD	icon-minecraft-heart-pottery-sherd	1.08	1.8	
heavy-core	HEAVY_CORE	icon-minecraft-heavy-core	1.08	1.8	
heavy_weighted_pressure_plate	HEAVY_WEIGHTED_PRESSURE_PLATE	icon-minecraft-heavy-weighted-pressure-plate	1.08	1.8	148
honey-block	HONEY_BLOCK	icon-minecraft-honey-block	1.08	1.8	
honey-bottle	HONEY_BOTTLE	icon-minecraft-honey-bottle	1.08	1.8	
honeycomb	HONEYCOMB	icon-minecraft-honeycomb	1.08	1.8	
honeycomb-block	HONEYCOMB_BLOCK	icon-minecraft-honeycomb-block	1.08	1.8	
hopper	HOPPER	icon-minecraft-hopper	1.08	1.8	154
hopper-minecart	HOPPER_MINECART	icon-minecraft-hopper-minecart	1.08	1.8	
horn-coral	HORN_CORAL	icon-minecraft-horn-coral	1.08	1.8	
horn-coral-block	HORN_CORAL_BLOCK	icon-minecraft-horn-coral-block	1.08	1.8	
horn-coral-fan	HORN_CORAL_FAN	icon-minecraft-horn-coral-fan	1.08	1.8	
horn-coral-wall-fan	HORN_CORAL_WALL_FAN	icon-minecraft-horn-coral-wall-fan	1.08	1.8	
host-armor-trim-smithing-template	HOST_ARMOR_TRIM_SMITHING_TEMPLATE	icon-minecraft-host-armor-trim-smithing-template	1.08	1.8	
howl-pottery-sherd	HOWL_POTTERY_SHERD	icon-minecraft-howl-pottery-sherd	1.08	1.8	
ice	ICE	icon-minecraft-ice	1.08	1.8	79
infested_chiseled_stone_bricks	INFESTED_CHISELED_STONE_BRICKS	icon-minecraft-infested-chiseled-stone-bricks	1.21	1.21	97
infested_cobblestone	INFESTED_COBBLESTONE	icon-minecraft-infested-cobblestone	1.08	1.8	97
infested_cracked_stone_bricks	INFESTED_CRACKED_STONE_BRICKS	icon-minecraft-infested-cracked-stone-bricks	1.21	1.21	97
infested-deepslate	INFESTED_DEEPSLATE	icon-minecraft-infested-deepslate	1.08	1.8	
infested_mossy_stone_bricks	INFESTED_MOSSY_STONE_BRICKS	icon-minecraft-infested-mossy-stone-bricks	1.21	1.21	97
infested_stone	INFESTED_STONE	icon-minecraft-infested-stone	1.08	1.8	97
infested_stone_bricks	INFESTED_STONE_BRICKS	icon-minecraft-infested-stone-bricks	1.08	1.8	97
ink-sac	INK_SAC	icon-minecraft-ink-sac	1.08	1.8	
iron_axe	IRON_AXE	icon-minecraft-iron-axe	1.08	1.8	258
iron_bars	IRON_BARS	icon-minecraft-iron-bars	1.08	1.8	101
iron_block	IRON_BLOCK	icon-minecraft-iron-block	1.08	1.8	42
iron-boots	IRON_BOOTS	icon-minecraft-iron-boots	1.08	1.8	
iron-chestplate	IRON_CHESTPLATE	icon-minecraft-iron-chestplate	1.08	1.8	
iron-door	IRON_DOOR	icon-minecraft-iron-door	1.08	1.8	
iron-helmet	IRON_HELMET	icon-minecraft-iron-helmet	1.08	1.8	
iron-hoe	IRON_HOE	icon-minecraft-iron-hoe	1.08	1.8	
iron-horse-armor	IRON_HORSE_ARMOR	icon-minecraft-iron-horse-armor	1.08	1.8	
iron_ingot	IRON_INGOT	icon-minecraft-iron-ingot	1.08	1.8	265
iron-leggings	IRON_LEGGINGS	icon-minecraft-iron-leggings	1.08	1.8	
iron-nautilus-armor	IRON_NAUTILUS_ARMOR	icon-minecraft-iron-nautilus-armor	1.08	1.8	
iron-nugget	IRON_NUGGET	icon-minecraft-iron-nugget	1.08	1.8	
iron_ore	IRON_ORE	icon-minecraft-iron-ore	1.08	1.8	15
iron_pickaxe	IRON_PICKAXE	icon-minecraft-iron-pickaxe	1.08	1.8	257
iron_shovel	IRON_SHOVEL	icon-minecraft-iron-shovel	1.08	1.8	256
iron-spear	IRON_SPEAR	icon-minecraft-iron-spear	1.08	1.8	
iron_sword	IRON_SWORD	icon-minecraft-iron-sword	1.08	1.8	267
iron_trapdoor	IRON_TRAPDOOR	icon-minecraft-iron-trapdoor	1.08	1.8	167
item-frame	ITEM_FRAME	icon-minecraft-item-frame	1.08	1.8	
jack_o_lantern	JACK_O_LANTERN	icon-minecraft-jack-o-lantern	1.08	1.8	91
jigsaw	JIGSAW	icon-minecraft-jigsaw	1.08	1.8	
jukebox	JUKEBOX	icon-minecraft-jukebox	1.08	1.8	84
jungle-boat	JUNGLE_BOAT	icon-minecraft-jungle-boat	1.08	1.8	
jungle-button	JUNGLE_BUTTON	icon-minecraft-jungle-button	1.08	1.8	
jungle-chest-boat	JUNGLE_CHEST_BOAT	icon-minecraft-jungle-chest-boat	1.08	1.8	
jungle-door	JUNGLE_DOOR	icon-minecraft-jungle-door	1.08	1.8	
jungle_fence	JUNGLE_FENCE	icon-minecraft-jungle-fence	1.08	1.8	190
jungle_fence_gate	JUNGLE_FENCE_GATE	icon-minecraft-jungle-fence-gate	1.08	1.8	185
jungle-hanging-sign	JUNGLE_HANGING_SIGN	icon-minecraft-jungle-hanging-sign	1.08	1.8	
jungle_leaves	JUNGLE_LEAVES	icon-minecraft-jungle-leaves	1.08	1.8	18
jungle-log	JUNGLE_LOG	icon-minecraft-jungle-log	1.08	1.8	
jungle_planks	JUNGLE_PLANKS	icon-minecraft-jungle-planks	1.08	1.8	5
jungle-pressure-plate	JUNGLE_PRESSURE_PLATE	icon-minecraft-jungle-pressure-plate	1.08	1.8	
jungle_sapling	JUNGLE_SAPLING	icon-minecraft-jungle-sapling	1.08	1.8	6
jungle-shelf	JUNGLE_SHELF	icon-minecraft-jungle-shelf	1.08	1.8	
jungle-sign	JUNGLE_SIGN	icon-minecraft-jungle-sign	1.08	1.8	
jungle_slab	JUNGLE_SLAB	icon-minecraft-jungle-slab	1.08	1.8	126
jungle_stairs	JUNGLE_WOOD_STAIRS	icon-minecraft-jungle-stairs	1.08	1.8	136
jungle-trapdoor	JUNGLE_TRAPDOOR	icon-minecraft-jungle-trapdoor	1.08	1.8	
jungle-wall-hanging-sign	JUNGLE_WALL_HANGING_SIGN	icon-minecraft-jungle-wall-hanging-sign	1.08	1.8	
jungle-wall-sign	JUNGLE_WALL_SIGN	icon-minecraft-jungle-wall-sign	1.08	1.8	
jungle_wood	JUNGLE_WOOD	icon-minecraft-jungle-wood	1.08	1.8	17
kelp	KELP	icon-minecraft-kelp	1.08	1.8	
kelp-plant	KELP_PLANT	icon-minecraft-kelp-plant	1.08	1.8	
knowledge-book	KNOWLEDGE_BOOK	icon-minecraft-knowledge-book	1.08	1.8	
ladder	LADDER	icon-minecraft-ladder	1.08	1.8	65
lantern	LANTERN	icon-minecraft-lantern	1.08	1.8	
lapis_block	LAPIS_BLOCK	icon-minecraft-lapis-block	1.08	1.8	22
lapis-lazuli	LAPIS_LAZULI	icon-minecraft-lapis-lazuli	1.08	1.8	
lapis_ore	LAPIS_ORE	icon-minecraft-lapis-ore	1.08	1.8	21
large-amethyst-bud	LARGE_AMETHYST_BUD	icon-minecraft-large-amethyst-bud	1.08	1.8	
large_fern	LARGE_FERN	icon-minecraft-large-fern	1.21	1.21	175
lava	LAVA	icon-minecraft-lava	1.08	1.8	
lava-bucket	LAVA_BUCKET	icon-minecraft-lava-bucket	1.08	1.8	
lava-cauldron	LAVA_CAULDRON	icon-minecraft-lava-cauldron	1.08	1.8	
lead	LEAD	icon-minecraft-lead	1.08	1.8	
leaf-litter	LEAF_LITTER	icon-minecraft-leaf-litter	1.08	1.8	
leather	LEATHER	icon-minecraft-leather	1.08	1.8	
leather-boots	LEATHER_BOOTS	icon-minecraft-leather-boots	1.08	1.8	
leather-chestplate	LEATHER_CHESTPLATE	icon-minecraft-leather-chestplate	1.08	1.8	
leather-helmet	LEATHER_HELMET	icon-minecraft-leather-helmet	1.08	1.8	
leather-horse-armor	LEATHER_HORSE_ARMOR	icon-minecraft-leather-horse-armor	1.08	1.8	
leather-leggings	LEATHER_LEGGINGS	icon-minecraft-leather-leggings	1.08	1.8	
lectern	LECTERN	icon-minecraft-lectern	1.08	1.8	
lever	LEVER	icon-minecraft-lever	1.08	1.8	69
light	LIGHT	icon-minecraft-light	1.08	1.8	
light-blue-banner	LIGHT_BLUE_BANNER	icon-minecraft-light-blue-banner	1.08	1.8	
light-blue-bed	LIGHT_BLUE_BED	icon-minecraft-light-blue-bed	1.08	1.8	
light-blue-bundle	LIGHT_BLUE_BUNDLE	icon-minecraft-light-blue-bundle	1.08	1.8	
light-blue-candle	LIGHT_BLUE_CANDLE	icon-minecraft-light-blue-candle	1.08	1.8	
light-blue-candle-cake	LIGHT_BLUE_CANDLE_CAKE	icon-minecraft-light-blue-candle-cake	1.08	1.8	
light_blue_carpet	LIGHT_BLUE_CARPET	icon-minecraft-light-blue-carpet	1.08	1.8	171
light_blue_concrete	LIGHT_BLUE_CONCRETE	icon-minecraft-light-blue-concrete	1.12	1.12	251
light_blue_concrete_powder	LIGHT_BLUE_CONCRETE_POWDER	icon-minecraft-light-blue-concrete-powder	1.12	1.12	252
light-blue-dye	LIGHT_BLUE_DYE	icon-minecraft-light-blue-dye	1.08	1.8	
light_blue_glazed_terracotta	LIGHT_BLUE_GLAZED_TERRACOTTA	icon-minecraft-light-blue-glazed-terracotta	1.12	1.12	238
light-blue-harness	LIGHT_BLUE_HARNESS	icon-minecraft-light-blue-harness	1.08	1.8	
light_blue_shulker_box	LIGHT_BLUE_SHULKER_BOX	icon-minecraft-light-blue-shulker-box	1.11	1.11	222
light_blue_stained_glass	LIGHT_BLUE_STAINED_GLASS	icon-minecraft-light-blue-stained-glass	1.21	1.21	95
light_blue_stained_glass_pane	LIGHT_BLUE_STAINED_GLASS_PANE	icon-minecraft-light-blue-stained-glass-pane	1.21	1.21	160
light_blue_terracotta	LIGHT_BLUE_TERRACOTTA	icon-minecraft-light-blue-terracotta	1.08	1.8	159
light-blue-wall-banner	LIGHT_BLUE_WALL_BANNER	icon-minecraft-light-blue-wall-banner	1.08	1.8	
light_blue_wool	LIGHT_BLUE_WOOL	icon-minecraft-light-blue-wool	1.08	1.8	35
light-gray-banner	LIGHT_GRAY_BANNER	icon-minecraft-light-gray-banner	1.08	1.8	
light-gray-bed	LIGHT_GRAY_BED	icon-minecraft-light-gray-bed	1.08	1.8	
light-gray-bundle	LIGHT_GRAY_BUNDLE	icon-minecraft-light-gray-bundle	1.08	1.8	
light-gray-candle	LIGHT_GRAY_CANDLE	icon-minecraft-light-gray-candle	1.08	1.8	
light-gray-candle-cake	LIGHT_GRAY_CANDLE_CAKE	icon-minecraft-light-gray-candle-cake	1.08	1.8	
light_gray_carpet	LIGHT_GRAY_CARPET	icon-minecraft-light-gray-carpet	1.08	1.8	171
light_gray_concrete	LIGHT_GRAY_CONCRETE	icon-minecraft-light-gray-concrete	1.12	1.12	251
light_gray_concrete_powder	LIGHT_GRAY_CONCRETE_POWDER	icon-minecraft-light-gray-concrete-powder	1.12	1.12	252
light-gray-dye	LIGHT_GRAY_DYE	icon-minecraft-light-gray-dye	1.08	1.8	
light_gray_glazed_terracotta	LIGHT_GRAY_GLAZED_TERRACOTTA	icon-minecraft-light-gray-glazed-terracotta	1.12	1.12	243
light-gray-harness	LIGHT_GRAY_HARNESS	icon-minecraft-light-gray-harness	1.08	1.8	
light_gray_shulker_box	LIGHT_GRAY_SHULKER_BOX	icon-minecraft-light-gray-shulker-box	1.11	1.11	227
light_gray_stained_glass	LIGHT_GRAY_STAINED_GLASS	icon-minecraft-light-gray-stained-glass	1.21	1.21	95
light_gray_stained_glass_pane	LIGHT_GRAY_STAINED_GLASS_PANE	icon-minecraft-light-gray-stained-glass-pane	1.21	1.21	160
light_gray_terracotta	LIGHT_GRAY_TERRACOTTA	icon-minecraft-light-gray-terracotta	1.08	1.8	159
light-gray-wall-banner	LIGHT_GRAY_WALL_BANNER	icon-minecraft-light-gray-wall-banner	1.08	1.8	
light_gray_wool	LIGHT_GRAY_WOOL	icon-minecraft-light-gray-wool	1.08	1.8	35
lightning-rod	LIGHTNING_ROD	icon-minecraft-lightning-rod	1.08	1.8	
light_weighted_pressure_plate	LIGHT_WEIGHTED_PRESSURE_PLATE	icon-minecraft-light-weighted-pressure-plate	1.08	1.8	147
lilac	LILAC	icon-minecraft-lilac	1.21	1.21	175
lily-of-the-valley	LILY_OF_THE_VALLEY	icon-minecraft-lily-of-the-valley	1.08	1.8	
lily_pad	LILY_PAD	icon-minecraft-lily-pad	1.08	1.8	111
lime-banner	LIME_BANNER	icon-minecraft-lime-banner	1.08	1.8	
lime-bed	LIME_BED	icon-minecraft-lime-bed	1.08	1.8	
lime-bundle	LIME_BUNDLE	icon-minecraft-lime-bundle	1.08	1.8	
lime-candle	LIME_CANDLE	icon-minecraft-lime-candle	1.08	1.8	
lime-candle-cake	LIME_CANDLE_CAKE	icon-minecraft-lime-candle-cake	1.08	1.8	
lime_carpet	LIME_CARPET	icon-minecraft-lime-carpet	1.08	1.8	171
lime_concrete	LIME_CONCRETE	icon-minecraft-lime-concrete	1.12	1.12	251
lime_concrete_powder	LIME_CONCRETE_POWDER	icon-minecraft-lime-concrete-powder	1.12	1.12	252
lime-dye	LIME_DYE	icon-minecraft-lime-dye	1.08	1.8	
lime_glazed_terracotta	LIME_GLAZED_TERRACOTTA	icon-minecraft-lime-glazed-terracotta	1.12	1.12	240
lime-harness	LIME_HARNESS	icon-minecraft-lime-harness	1.08	1.8	
lime_shulker_box	LIME_SHULKER_BOX	icon-minecraft-lime-shulker-box	1.11	1.11	224
lime_stained_glass	LIME_STAINED_GLASS	icon-minecraft-lime-stained-glass	1.21	1.21	95
lime_stained_glass_pane	LIME_STAINED_GLASS_PANE	icon-minecraft-lime-stained-glass-pane	1.21	1.21	160
lime_terracotta	LIME_TERRACOTTA	icon-minecraft-lime-terracotta	1.08	1.8	159
lime-wall-banner	LIME_WALL_BANNER	icon-minecraft-lime-wall-banner	1.08	1.8	
lime_wool	LIME_WOOL	icon-minecraft-lime-wool	1.08	1.8	35
lingering-potion	LINGERING_POTION	icon-minecraft-lingering-potion	1.08	1.8	
lodestone	LODESTONE	icon-minecraft-lodestone	1.08	1.8	
lodestone-compass	LODESTONE_COMPASS	icon-minecraft-lodestone-compass	1.08	1.8	
loom	LOOM	icon-minecraft-loom	1.08	1.8	
mace	MACE	icon-minecraft-mace	1.08	1.8	
magenta-banner	MAGENTA_BANNER	icon-minecraft-magenta-banner	1.08	1.8	
magenta-bed	MAGENTA_BED	icon-minecraft-magenta-bed	1.08	1.8	
magenta-bundle	MAGENTA_BUNDLE	icon-minecraft-magenta-bundle	1.08	1.8	
magenta-candle	MAGENTA_CANDLE	icon-minecraft-magenta-candle	1.08	1.8	
magenta-candle-cake	MAGENTA_CANDLE_CAKE	icon-minecraft-magenta-candle-cake	1.08	1.8	
magenta_carpet	MAGENTA_CARPET	icon-minecraft-magenta-carpet	1.08	1.8	171
magenta_concrete	MAGENTA_CONCRETE	icon-minecraft-magenta-concrete	1.12	1.12	251
magenta_concrete_powder	MAGENTA_CONCRETE_POWDER	icon-minecraft-magenta-concrete-powder	1.12	1.12	252
magenta-dye	MAGENTA_DYE	icon-minecraft-magenta-dye	1.08	1.8	
magenta_glazed_terracotta	MAGENTA_GLAZED_TERRACOTTA	icon-minecraft-magenta-glazed-terracotta	1.12	1.12	237
magenta-harness	MAGENTA_HARNESS	icon-minecraft-magenta-harness	1.08	1.8	
magenta_shulker_box	MAGENTA_SHULKER_BOX	icon-minecraft-magenta-shulker-box	1.11	1.11	221
magenta_stained_glass	MAGENTA_STAINED_GLASS	icon-minecraft-magenta-stained-glass	1.21	1.21	95
magenta_stained_glass_pane	MAGENTA_STAINED_GLASS_PANE	icon-minecraft-magenta-stained-glass-pane	1.21	1.21	160
magenta_terracotta	MAGENTA_TERRACOTTA	icon-minecraft-magenta-terracotta	1.08	1.8	159
magenta-wall-banner	MAGENTA_WALL_BANNER	icon-minecraft-magenta-wall-banner	1.08	1.8	
magenta_wool	MAGENTA_WOOL	icon-minecraft-magenta-wool	1.08	1.8	35
magma_block	MAGMA	icon-minecraft-magma-block	1.1	1.10	213
magma-cream	MAGMA_CREAM	icon-minecraft-magma-cream	1.08	1.8	
mangrove-boat	MANGROVE_BOAT	icon-minecraft-mangrove-boat	1.08	1.8	
mangrove-button	MANGROVE_BUTTON	icon-minecraft-mangrove-button	1.08	1.8	
mangrove-chest-boat	MANGROVE_CHEST_BOAT	icon-minecraft-mangrove-chest-boat	1.08	1.8	
mangrove-door	MANGROVE_DOOR	icon-minecraft-mangrove-door	1.08	1.8	
mangrove-fence	MANGROVE_FENCE	icon-minecraft-mangrove-fence	1.08	1.8	
mangrove-fence-gate	MANGROVE_FENCE_GATE	icon-minecraft-mangrove-fence-gate	1.08	1.8	
mangrove-hanging-sign	MANGROVE_HANGING_SIGN	icon-minecraft-mangrove-hanging-sign	1.08	1.8	
mangrove-leaves	MANGROVE_LEAVES	icon-minecraft-mangrove-leaves	1.08	1.8	
mangrove-log	MANGROVE_LOG	icon-minecraft-mangrove-log	1.08	1.8	
mangrove-planks	MANGROVE_PLANKS	icon-minecraft-mangrove-planks	1.08	1.8	
mangrove-pressure-plate	MANGROVE_PRESSURE_PLATE	icon-minecraft-mangrove-pressure-plate	1.08	1.8	
mangrove-propagule	MANGROVE_PROPAGULE	icon-minecraft-mangrove-propagule	1.08	1.8	
mangrove-roots	MANGROVE_ROOTS	icon-minecraft-mangrove-roots	1.08	1.8	
mangrove-shelf	MANGROVE_SHELF	icon-minecraft-mangrove-shelf	1.08	1.8	
mangrove-sign	MANGROVE_SIGN	icon-minecraft-mangrove-sign	1.08	1.8	
mangrove-slab	MANGROVE_SLAB	icon-minecraft-mangrove-slab	1.08	1.8	
mangrove-stairs	MANGROVE_STAIRS	icon-minecraft-mangrove-stairs	1.08	1.8	
mangrove-trapdoor	MANGROVE_TRAPDOOR	icon-minecraft-mangrove-trapdoor	1.08	1.8	
mangrove-wall-hanging-sign	MANGROVE_WALL_HANGING_SIGN	icon-minecraft-mangrove-wall-hanging-sign	1.08	1.8	
mangrove-wall-sign	MANGROVE_WALL_SIGN	icon-minecraft-mangrove-wall-sign	1.08	1.8	
mangrove-wood	MANGROVE_WOOD	icon-minecraft-mangrove-wood	1.08	1.8	
map	MAP	icon-minecraft-map	1.08	1.8	
medium-amethyst-bud	MEDIUM_AMETHYST_BUD	icon-minecraft-medium-amethyst-bud	1.08	1.8	
melon	MELON_BLOCK	icon-minecraft-melon	1.08	1.8	103
melon-seeds	MELON_SEEDS	icon-minecraft-melon-seeds	1.08	1.8	
melon-slice	MELON_SLICE	icon-minecraft-melon-slice	1.08	1.8	
melon_stem	MELON_STEM	icon-minecraft-melon-stem	1.08	1.8	105
milk-bucket	MILK_BUCKET	icon-minecraft-milk-bucket	1.08	1.8	
minecart	MINECART	icon-minecraft-minecart	1.08	1.8	
miner-pottery-sherd	MINER_POTTERY_SHERD	icon-minecraft-miner-pottery-sherd	1.08	1.8	
mob-allay-face	MOB_ALLAY_FACE	icon-minecraft-mob-allay-face	1.08	1.8	
mob-armadillo-face	MOB_ARMADILLO_FACE	icon-minecraft-mob-armadillo-face	1.08	1.8	
mob-axolotl-face	MOB_AXOLOTL_FACE	icon-minecraft-mob-axolotl-face	1.08	1.8	
mob-bat-face	MOB_BAT_FACE	icon-minecraft-mob-bat-face	1.08	1.8	
mob-bee-face	MOB_BEE_FACE	icon-minecraft-mob-bee-face	1.08	1.8	
mob-blaze-face	MOB_BLAZE_FACE	icon-minecraft-mob-blaze-face	1.08	1.8	
mob-bogged-face	MOB_BOGGED_FACE	icon-minecraft-mob-bogged-face	1.08	1.8	
mob-breeze-face	MOB_BREEZE_FACE	icon-minecraft-mob-breeze-face	1.08	1.8	
mob-camel-face	MOB_CAMEL_FACE	icon-minecraft-mob-camel-face	1.08	1.8	
mob-camel-husk-face	MOB_CAMEL_HUSK_FACE	icon-minecraft-mob-camel-husk-face	1.08	1.8	
mob-cat-face	MOB_CAT_FACE	icon-minecraft-mob-cat-face	1.08	1.8	
mob-cave-spider-face	MOB_CAVE_SPIDER_FACE	icon-minecraft-mob-cave-spider-face	1.08	1.8	
mob-chicken-face	MOB_CHICKEN_FACE	icon-minecraft-mob-chicken-face	1.08	1.8	
mob-cod-face	MOB_COD_FACE	icon-minecraft-mob-cod-face	1.08	1.8	
mob-copper-golem-face	MOB_COPPER_GOLEM_FACE	icon-minecraft-mob-copper-golem-face	1.08	1.8	
mob-cow-face	MOB_COW_FACE	icon-minecraft-mob-cow-face	1.08	1.8	
mob-creaking-face	MOB_CREAKING_FACE	icon-minecraft-mob-creaking-face	1.08	1.8	
mob-creeper-face	MOB_CREEPER_FACE	icon-minecraft-mob-creeper-face	1.08	1.8	
mob-dolphin-face	MOB_DOLPHIN_FACE	icon-minecraft-mob-dolphin-face	1.08	1.8	
mob-donkey-face	MOB_DONKEY_FACE	icon-minecraft-mob-donkey-face	1.08	1.8	
mob-drowned-face	MOB_DROWNED_FACE	icon-minecraft-mob-drowned-face	1.08	1.8	
mob-elder-guardian-face	MOB_ELDER_GUARDIAN_FACE	icon-minecraft-mob-elder-guardian-face	1.08	1.8	
mob-ender-dragon-face	MOB_ENDER_DRAGON_FACE	icon-minecraft-mob-ender-dragon-face	1.08	1.8	
mob-enderman-face	MOB_ENDERMAN_FACE	icon-minecraft-mob-enderman-face	1.08	1.8	
mob-endermite-face	MOB_ENDERMITE_FACE	icon-minecraft-mob-endermite-face	1.08	1.8	
mob-evoker-face	MOB_EVOKER_FACE	icon-minecraft-mob-evoker-face	1.08	1.8	
mob-fox-face	MOB_FOX_FACE	icon-minecraft-mob-fox-face	1.08	1.8	
mob-frog-face	MOB_FROG_FACE	icon-minecraft-mob-frog-face	1.08	1.8	
mob-ghast-face	MOB_GHAST_FACE	icon-minecraft-mob-ghast-face	1.08	1.8	
mob-giant-face	MOB_GIANT_FACE	icon-minecraft-mob-giant-face	1.08	1.8	
mob-glow-squid-face	MOB_GLOW_SQUID_FACE	icon-minecraft-mob-glow-squid-face	1.08	1.8	
mob-goat-face	MOB_GOAT_FACE	icon-minecraft-mob-goat-face	1.08	1.8	
mob-guardian-face	MOB_GUARDIAN_FACE	icon-minecraft-mob-guardian-face	1.08	1.8	
mob-happy-ghast-face	MOB_HAPPY_GHAST_FACE	icon-minecraft-mob-happy-ghast-face	1.08	1.8	
mob-hoglin-face	MOB_HOGLIN_FACE	icon-minecraft-mob-hoglin-face	1.08	1.8	
mob-horse-face	MOB_HORSE_FACE	icon-minecraft-mob-horse-face	1.08	1.8	
mob-husk-face	MOB_HUSK_FACE	icon-minecraft-mob-husk-face	1.08	1.8	
mob-illusioner-face	MOB_ILLUSIONER_FACE	icon-minecraft-mob-illusioner-face	1.08	1.8	
mob-iron-golem-face	MOB_IRON_GOLEM_FACE	icon-minecraft-mob-iron-golem-face	1.08	1.8	
mob-llama-face	MOB_LLAMA_FACE	icon-minecraft-mob-llama-face	1.08	1.8	
mob-magma-cube-face	MOB_MAGMA_CUBE_FACE	icon-minecraft-mob-magma-cube-face	1.08	1.8	
mob-mannequin-face	MOB_MANNEQUIN_FACE	icon-minecraft-mob-mannequin-face	1.08	1.8	
mob-mooshroom-face	MOB_MOOSHROOM_FACE	icon-minecraft-mob-mooshroom-face	1.08	1.8	
mob-mule-face	MOB_MULE_FACE	icon-minecraft-mob-mule-face	1.08	1.8	
mob-nautilus-face	MOB_NAUTILUS_FACE	icon-minecraft-mob-nautilus-face	1.08	1.8	
mob-ocelot-face	MOB_OCELOT_FACE	icon-minecraft-mob-ocelot-face	1.08	1.8	
mob-panda-face	MOB_PANDA_FACE	icon-minecraft-mob-panda-face	1.08	1.8	
mob-parched-face	MOB_PARCHED_FACE	icon-minecraft-mob-parched-face	1.08	1.8	
mob-parrot-face	MOB_PARROT_FACE	icon-minecraft-mob-parrot-face	1.08	1.8	
mob-phantom-face	MOB_PHANTOM_FACE	icon-minecraft-mob-phantom-face	1.08	1.8	
mob-pig-face	MOB_PIG_FACE	icon-minecraft-mob-pig-face	1.08	1.8	
mob-piglin-brute-face	MOB_PIGLIN_BRUTE_FACE	icon-minecraft-mob-piglin-brute-face	1.08	1.8	
mob-piglin-face	MOB_PIGLIN_FACE	icon-minecraft-mob-piglin-face	1.08	1.8	
mob-pillager-face	MOB_PILLAGER_FACE	icon-minecraft-mob-pillager-face	1.08	1.8	
mob-polar-bear-face	MOB_POLAR_BEAR_FACE	icon-minecraft-mob-polar-bear-face	1.08	1.8	
mob-pufferfish-face	MOB_PUFFERFISH_FACE	icon-minecraft-mob-pufferfish-face	1.08	1.8	
mob-rabbit-face	MOB_RABBIT_FACE	icon-minecraft-mob-rabbit-face	1.08	1.8	
mob-ravager-face	MOB_RAVAGER_FACE	icon-minecraft-mob-ravager-face	1.08	1.8	
mob-salmon-face	MOB_SALMON_FACE	icon-minecraft-mob-salmon-face	1.08	1.8	
mob-sheep-face	MOB_SHEEP_FACE	icon-minecraft-mob-sheep-face	1.08	1.8	
mob-shulker-face	MOB_SHULKER_FACE	icon-minecraft-mob-shulker-face	1.08	1.8	
mob-silverfish-face	MOB_SILVERFISH_FACE	icon-minecraft-mob-silverfish-face	1.08	1.8	
mob-skeleton-face	MOB_SKELETON_FACE	icon-minecraft-mob-skeleton-face	1.08	1.8	
mob-skeleton-horse-face	MOB_SKELETON_HORSE_FACE	icon-minecraft-mob-skeleton-horse-face	1.08	1.8	
mob-slime-face	MOB_SLIME_FACE	icon-minecraft-mob-slime-face	1.08	1.8	
mob-sniffer-face	MOB_SNIFFER_FACE	icon-minecraft-mob-sniffer-face	1.08	1.8	
mob-snow-golem-face	MOB_SNOW_GOLEM_FACE	icon-minecraft-mob-snow-golem-face	1.08	1.8	
mob-spider-face	MOB_SPIDER_FACE	icon-minecraft-mob-spider-face	1.08	1.8	
mob-squid-face	MOB_SQUID_FACE	icon-minecraft-mob-squid-face	1.08	1.8	
mob-stray-face	MOB_STRAY_FACE	icon-minecraft-mob-stray-face	1.08	1.8	
mob-strider-face	MOB_STRIDER_FACE	icon-minecraft-mob-strider-face	1.08	1.8	
mob-tadpole-face	MOB_TADPOLE_FACE	icon-minecraft-mob-tadpole-face	1.08	1.8	
mob-trader-llama-face	MOB_TRADER_LLAMA_FACE	icon-minecraft-mob-trader-llama-face	1.08	1.8	
mob-tropical-fish-face	MOB_TROPICAL_FISH_FACE	icon-minecraft-mob-tropical-fish-face	1.08	1.8	
mob-turtle-face	MOB_TURTLE_FACE	icon-minecraft-mob-turtle-face	1.08	1.8	
mob-vex-face	MOB_VEX_FACE	icon-minecraft-mob-vex-face	1.08	1.8	
mob-villager-face	MOB_VILLAGER_FACE	icon-minecraft-mob-villager-face	1.08	1.8	
mob-vindicator-face	MOB_VINDICATOR_FACE	icon-minecraft-mob-vindicator-face	1.08	1.8	
mob-wandering-trader-face	MOB_WANDERING_TRADER_FACE	icon-minecraft-mob-wandering-trader-face	1.08	1.8	
mob-warden-face	MOB_WARDEN_FACE	icon-minecraft-mob-warden-face	1.08	1.8	
mob-witch-face	MOB_WITCH_FACE	icon-minecraft-mob-witch-face	1.08	1.8	
mob-wither-face	MOB_WITHER_FACE	icon-minecraft-mob-wither-face	1.08	1.8	
mob-wither-skeleton-face	MOB_WITHER_SKELETON_FACE	icon-minecraft-mob-wither-skeleton-face	1.08	1.8	
mob-wolf-face	MOB_WOLF_FACE	icon-minecraft-mob-wolf-face	1.08	1.8	
mob-zoglin-face	MOB_ZOGLIN_FACE	icon-minecraft-mob-zoglin-face	1.08	1.8	
mob-zombie-face	MOB_ZOMBIE_FACE	icon-minecraft-mob-zombie-face	1.08	1.8	
mob-zombie-horse-face	MOB_ZOMBIE_HORSE_FACE	icon-minecraft-mob-zombie-horse-face	1.08	1.8	
mob-zombie-nautilus-face	MOB_ZOMBIE_NAUTILUS_FACE	icon-minecraft-mob-zombie-nautilus-face	1.08	1.8	
mob-zombie-villager-face	MOB_ZOMBIE_VILLAGER_FACE	icon-minecraft-mob-zombie-villager-face	1.08	1.8	
mob-zombified-piglin-face	MOB_ZOMBIFIED_PIGLIN_FACE	icon-minecraft-mob-zombified-piglin-face	1.08	1.8	
mojang-banner-pattern	MOJANG_BANNER_PATTERN	icon-minecraft-mojang-banner-pattern	1.08	1.8	
moss-block	MOSS_BLOCK	icon-minecraft-moss-block	1.08	1.8	
moss-carpet	MOSS_CARPET	icon-minecraft-moss-carpet	1.08	1.8	
mossy_cobblestone	MOSSY_COBBLESTONE	icon-minecraft-mossy-cobblestone	1.08	1.8	48
mossy-cobblestone-slab	MOSSY_COBBLESTONE_SLAB	icon-minecraft-mossy-cobblestone-slab	1.08	1.8	
mossy-cobblestone-stairs	MOSSY_COBBLESTONE_STAIRS	icon-minecraft-mossy-cobblestone-stairs	1.08	1.8	
mossy_cobblestone_wall	MOSSY_COBBLESTONE_WALL	icon-minecraft-mossy-cobblestone-wall	1.08	1.8	139
mossy_stone_bricks	MOSSY_STONE_BRICKS	icon-minecraft-mossy-stone-bricks	1.08	1.8	98
mossy-stone-brick-slab	MOSSY_STONE_BRICK_SLAB	icon-minecraft-mossy-stone-brick-slab	1.08	1.8	
mossy-stone-brick-stairs	MOSSY_STONE_BRICK_STAIRS	icon-minecraft-mossy-stone-brick-stairs	1.08	1.8	
mossy-stone-brick-wall	MOSSY_STONE_BRICK_WALL	icon-minecraft-mossy-stone-brick-wall	1.08	1.8	
mourner-pottery-sherd	MOURNER_POTTERY_SHERD	icon-minecraft-mourner-pottery-sherd	1.08	1.8	
moving-piston	MOVING_PISTON	icon-minecraft-moving-piston	1.08	1.8	
mud	MUD	icon-minecraft-mud	1.08	1.8	
mud-bricks	MUD_BRICKS	icon-minecraft-mud-bricks	1.08	1.8	
mud-brick-slab	MUD_BRICK_SLAB	icon-minecraft-mud-brick-slab	1.08	1.8	
mud-brick-stairs	MUD_BRICK_STAIRS	icon-minecraft-mud-brick-stairs	1.08	1.8	
mud-brick-wall	MUD_BRICK_WALL	icon-minecraft-mud-brick-wall	1.08	1.8	
muddy-mangrove-roots	MUDDY_MANGROVE_ROOTS	icon-minecraft-muddy-mangrove-roots	1.08	1.8	
mushroom-stem	MUSHROOM_STEM	icon-minecraft-mushroom-stem	1.08	1.8	
mushroom-stew	MUSHROOM_STEW	icon-minecraft-mushroom-stew	1.08	1.8	
music-disc-11	MUSIC_DISC_11	icon-minecraft-music-disc-11	1.08	1.8	
music-disc-13	MUSIC_DISC_13	icon-minecraft-music-disc-13	1.08	1.8	
music-disc-5	MUSIC_DISC_5	icon-minecraft-music-disc-5	1.08	1.8	
music-disc-blocks	MUSIC_DISC_BLOCKS	icon-minecraft-music-disc-blocks	1.08	1.8	
music-disc-cat	MUSIC_DISC_CAT	icon-minecraft-music-disc-cat	1.08	1.8	
music-disc-chirp	MUSIC_DISC_CHIRP	icon-minecraft-music-disc-chirp	1.08	1.8	
music-disc-creator	MUSIC_DISC_CREATOR	icon-minecraft-music-disc-creator	1.08	1.8	
music-disc-creator-music-box	MUSIC_DISC_CREATOR_MUSIC_BOX	icon-minecraft-music-disc-creator-music-box	1.08	1.8	
music-disc-far	MUSIC_DISC_FAR	icon-minecraft-music-disc-far	1.08	1.8	
music-disc-lava-chicken	MUSIC_DISC_LAVA_CHICKEN	icon-minecraft-music-disc-lava-chicken	1.08	1.8	
music-disc-mall	MUSIC_DISC_MALL	icon-minecraft-music-disc-mall	1.08	1.8	
music-disc-mellohi	MUSIC_DISC_MELLOHI	icon-minecraft-music-disc-mellohi	1.08	1.8	
music-disc-otherside	MUSIC_DISC_OTHERSIDE	icon-minecraft-music-disc-otherside	1.08	1.8	
music-disc-pigstep	MUSIC_DISC_PIGSTEP	icon-minecraft-music-disc-pigstep	1.08	1.8	
music-disc-precipice	MUSIC_DISC_PRECIPICE	icon-minecraft-music-disc-precipice	1.08	1.8	
music-disc-relic	MUSIC_DISC_RELIC	icon-minecraft-music-disc-relic	1.08	1.8	
music-disc-stal	MUSIC_DISC_STAL	icon-minecraft-music-disc-stal	1.08	1.8	
music-disc-strad	MUSIC_DISC_STRAD	icon-minecraft-music-disc-strad	1.08	1.8	
music-disc-tears	MUSIC_DISC_TEARS	icon-minecraft-music-disc-tears	1.08	1.8	
music-disc-wait	MUSIC_DISC_WAIT	icon-minecraft-music-disc-wait	1.08	1.8	
music-disc-ward	MUSIC_DISC_WARD	icon-minecraft-music-disc-ward	1.08	1.8	
mutton	MUTTON	icon-minecraft-mutton	1.08	1.8	
mycelium	MYCELIUM	icon-minecraft-mycelium	1.08	1.8	110
name-tag	NAME_TAG	icon-minecraft-name-tag	1.08	1.8	
nautilus-shell	NAUTILUS_SHELL	icon-minecraft-nautilus-shell	1.08	1.8	
nether-brick	NETHER_BRICK	icon-minecraft-nether-brick	1.08	1.8	
nether_brick_fence	NETHER_BRICK_FENCE	icon-minecraft-nether-brick-fence	1.08	1.8	113
nether_bricks	NETHER_BRICK	icon-minecraft-nether-bricks	1.08	1.8	112
nether_brick_slab	NETHER_BRICK_SLAB	icon-minecraft-nether-brick-slab	1.08	1.8	44
nether_brick_stairs	NETHER_BRICK_STAIRS	icon-minecraft-nether-brick-stairs	1.08	1.8	114
nether-brick-wall	NETHER_BRICK_WALL	icon-minecraft-nether-brick-wall	1.08	1.8	
nether-gold-ore	NETHER_GOLD_ORE	icon-minecraft-nether-gold-ore	1.08	1.8	
netherite-axe	NETHERITE_AXE	icon-minecraft-netherite-axe	1.08	1.8	
netherite-block	NETHERITE_BLOCK	icon-minecraft-netherite-block	1.08	1.8	
netherite-boots	NETHERITE_BOOTS	icon-minecraft-netherite-boots	1.08	1.8	
netherite-chestplate	NETHERITE_CHESTPLATE	icon-minecraft-netherite-chestplate	1.08	1.8	
netherite-helmet	NETHERITE_HELMET	icon-minecraft-netherite-helmet	1.08	1.8	
netherite-hoe	NETHERITE_HOE	icon-minecraft-netherite-hoe	1.08	1.8	
netherite-horse-armor	NETHERITE_HORSE_ARMOR	icon-minecraft-netherite-horse-armor	1.08	1.8	
netherite-ingot	NETHERITE_INGOT	icon-minecraft-netherite-ingot	1.08	1.8	
netherite-leggings	NETHERITE_LEGGINGS	icon-minecraft-netherite-leggings	1.08	1.8	
netherite-nautilus-armor	NETHERITE_NAUTILUS_ARMOR	icon-minecraft-netherite-nautilus-armor	1.08	1.8	
netherite-pickaxe	NETHERITE_PICKAXE	icon-minecraft-netherite-pickaxe	1.08	1.8	
netherite-scrap	NETHERITE_SCRAP	icon-minecraft-netherite-scrap	1.08	1.8	
netherite-shovel	NETHERITE_SHOVEL	icon-minecraft-netherite-shovel	1.08	1.8	
netherite-spear	NETHERITE_SPEAR	icon-minecraft-netherite-spear	1.08	1.8	
netherite-sword	NETHERITE_SWORD	icon-minecraft-netherite-sword	1.08	1.8	
netherite-upgrade-smithing-template	NETHERITE_UPGRADE_SMITHING_TEMPLATE	icon-minecraft-netherite-upgrade-smithing-template	1.08	1.8	
nether-portal	NETHER_PORTAL	icon-minecraft-nether-portal	1.08	1.8	
nether_quartz_ore	QUARTZ_ORE	icon-minecraft-nether-quartz-ore	1.08	1.8	153
netherrack	NETHERRACK	icon-minecraft-netherrack	1.08	1.8	87
nether-sprouts	NETHER_SPROUTS	icon-minecraft-nether-sprouts	1.08	1.8	
nether-star	NETHER_STAR	icon-minecraft-nether-star	1.08	1.8	
nether-wart	NETHER_WART	icon-minecraft-nether-wart	1.08	1.8	
nether_wart_block	NETHER_WART_BLOCK	icon-minecraft-nether-wart-block	1.1	1.10	214
note_block	NOTE_BLOCK	icon-minecraft-note-block	1.08	1.8	25
oak-boat	OAK_BOAT	icon-minecraft-oak-boat	1.08	1.8	
oak_button	WOODEN_BUTTON	icon-minecraft-oak-button	1.08	1.8	143
oak-chest-boat	OAK_CHEST_BOAT	icon-minecraft-oak-chest-boat	1.08	1.8	
oak-door	OAK_DOOR	icon-minecraft-oak-door	1.08	1.8	
oak_fence	OAK_FENCE	icon-minecraft-oak-fence	1.08	1.8	85
oak_fence_gate	OAK_FENCE_GATE	icon-minecraft-oak-fence-gate	1.08	1.8	107
oak-hanging-sign	OAK_HANGING_SIGN	icon-minecraft-oak-hanging-sign	1.08	1.8	
oak_leaves	OAK_LEAVES	icon-minecraft-oak-leaves	1.08	1.8	18
oak-log	OAK_LOG	icon-minecraft-oak-log	1.08	1.8	
oak_planks	WOOD	icon-minecraft-oak-planks	1.08	1.8	5
oak_pressure_plate	WOODEN_PRESSURE_PLATE	icon-minecraft-oak-pressure-plate	1.08	1.8	72
oak_sapling	OAK_SAPLING	icon-minecraft-oak-sapling	1.08	1.8	6
oak-shelf	OAK_SHELF	icon-minecraft-oak-shelf	1.08	1.8	
oak-sign	OAK_SIGN	icon-minecraft-oak-sign	1.08	1.8	
oak_slab	OAK_SLAB	icon-minecraft-oak-slab	1.08	1.8	126
oak_stairs	OAK_STAIRS	icon-minecraft-oak-stairs	1.08	1.8	53
oak_trapdoor	OAK_TRAPDOOR	icon-minecraft-oak-trapdoor	1.08	1.8	96
oak-wall-hanging-sign	OAK_WALL_HANGING_SIGN	icon-minecraft-oak-wall-hanging-sign	1.08	1.8	
oak-wall-sign	OAK_WALL_SIGN	icon-minecraft-oak-wall-sign	1.08	1.8	
oak_wood	OAK_WOOD	icon-minecraft-oak-wood	1.08	1.8	17
observer	OBSERVER	icon-minecraft-observer	1.11	1.11	218
obsidian	OBSIDIAN	icon-minecraft-obsidian	1.08	1.8	49
ochre-froglight	OCHRE_FROGLIGHT	icon-minecraft-ochre-froglight	1.08	1.8	
ominous-bottle	OMINOUS_BOTTLE	icon-minecraft-ominous-bottle	1.08	1.8	
ominous-trial-key	OMINOUS_TRIAL_KEY	icon-minecraft-ominous-trial-key	1.08	1.8	
open-eyeblossom	OPEN_EYEBLOSSOM	icon-minecraft-open-eyeblossom	1.08	1.8	
orange-banner	ORANGE_BANNER	icon-minecraft-orange-banner	1.08	1.8	
orange-bed	ORANGE_BED	icon-minecraft-orange-bed	1.08	1.8	
orange-bundle	ORANGE_BUNDLE	icon-minecraft-orange-bundle	1.08	1.8	
orange-candle	ORANGE_CANDLE	icon-minecraft-orange-candle	1.08	1.8	
orange-candle-cake	ORANGE_CANDLE_CAKE	icon-minecraft-orange-candle-cake	1.08	1.8	
orange_carpet	ORANGE_CARPET	icon-minecraft-orange-carpet	1.08	1.8	171
orange_concrete	ORANGE_CONCRETE	icon-minecraft-orange-concrete	1.12	1.12	251
orange_concrete_powder	ORANGE_CONCRETE_POWDER	icon-minecraft-orange-concrete-powder	1.12	1.12	252
orange-dye	ORANGE_DYE	icon-minecraft-orange-dye	1.08	1.8	
orange_glazed_terracotta	ORANGE_GLAZED_TERRACOTTA	icon-minecraft-orange-glazed-terracotta	1.12	1.12	236
orange-harness	ORANGE_HARNESS	icon-minecraft-orange-harness	1.08	1.8	
orange_shulker_box	ORANGE_SHULKER_BOX	icon-minecraft-orange-shulker-box	1.11	1.11	220
orange_stained_glass	ORANGE_STAINED_GLASS	icon-minecraft-orange-stained-glass	1.21	1.21	95
orange_stained_glass_pane	ORANGE_STAINED_GLASS_PANE	icon-minecraft-orange-stained-glass-pane	1.21	1.21	160
orange_terracotta	ORANGE_TERRACOTTA	icon-minecraft-orange-terracotta	1.08	1.8	159
orange_tulip	ORANGE_TULIP	icon-minecraft-orange-tulip	1.21	1.21	38
orange-wall-banner	ORANGE_WALL_BANNER	icon-minecraft-orange-wall-banner	1.08	1.8	
orange_wool	ORANGE_WOOL	icon-minecraft-orange-wool	1.08	1.8	35
oxeye_daisy	OXEYE_DAISY	icon-minecraft-oxeye-daisy	1.21	1.21	38
oxidized-chiseled-copper	OXIDIZED_CHISELED_COPPER	icon-minecraft-oxidized-chiseled-copper	1.08	1.8	
oxidized-copper	OXIDIZED_COPPER	icon-minecraft-oxidized-copper	1.08	1.8	
oxidized-copper-bars	OXIDIZED_COPPER_BARS	icon-minecraft-oxidized-copper-bars	1.08	1.8	
oxidized-copper-bulb	OXIDIZED_COPPER_BULB	icon-minecraft-oxidized-copper-bulb	1.08	1.8	
oxidized-copper-chain	OXIDIZED_COPPER_CHAIN	icon-minecraft-oxidized-copper-chain	1.08	1.8	
oxidized-copper-chest	OXIDIZED_COPPER_CHEST	icon-minecraft-oxidized-copper-chest	1.08	1.8	
oxidized-copper-door	OXIDIZED_COPPER_DOOR	icon-minecraft-oxidized-copper-door	1.08	1.8	
oxidized-copper-golem-statue	OXIDIZED_COPPER_GOLEM_STATUE	icon-minecraft-oxidized-copper-golem-statue	1.08	1.8	
oxidized-copper-grate	OXIDIZED_COPPER_GRATE	icon-minecraft-oxidized-copper-grate	1.08	1.8	
oxidized-copper-lantern	OXIDIZED_COPPER_LANTERN	icon-minecraft-oxidized-copper-lantern	1.08	1.8	
oxidized-copper-trapdoor	OXIDIZED_COPPER_TRAPDOOR	icon-minecraft-oxidized-copper-trapdoor	1.08	1.8	
oxidized-cut-copper	OXIDIZED_CUT_COPPER	icon-minecraft-oxidized-cut-copper	1.08	1.8	
oxidized-cut-copper-slab	OXIDIZED_CUT_COPPER_SLAB	icon-minecraft-oxidized-cut-copper-slab	1.08	1.8	
oxidized-cut-copper-stairs	OXIDIZED_CUT_COPPER_STAIRS	icon-minecraft-oxidized-cut-copper-stairs	1.08	1.8	
oxidized-lightning-rod	OXIDIZED_LIGHTNING_ROD	icon-minecraft-oxidized-lightning-rod	1.08	1.8	
packed_ice	PACKED_ICE	icon-minecraft-packed-ice	1.21	1.21	174
packed-mud	PACKED_MUD	icon-minecraft-packed-mud	1.08	1.8	
painting	PAINTING	icon-minecraft-painting	1.08	1.8	
pale-hanging-moss	PALE_HANGING_MOSS	icon-minecraft-pale-hanging-moss	1.08	1.8	
pale-moss-block	PALE_MOSS_BLOCK	icon-minecraft-pale-moss-block	1.08	1.8	
pale-moss-carpet	PALE_MOSS_CARPET	icon-minecraft-pale-moss-carpet	1.08	1.8	
pale-oak-boat	PALE_OAK_BOAT	icon-minecraft-pale-oak-boat	1.08	1.8	
pale-oak-button	PALE_OAK_BUTTON	icon-minecraft-pale-oak-button	1.08	1.8	
pale-oak-chest-boat	PALE_OAK_CHEST_BOAT	icon-minecraft-pale-oak-chest-boat	1.08	1.8	
pale-oak-door	PALE_OAK_DOOR	icon-minecraft-pale-oak-door	1.08	1.8	
pale-oak-fence	PALE_OAK_FENCE	icon-minecraft-pale-oak-fence	1.08	1.8	
pale-oak-fence-gate	PALE_OAK_FENCE_GATE	icon-minecraft-pale-oak-fence-gate	1.08	1.8	
pale-oak-hanging-sign	PALE_OAK_HANGING_SIGN	icon-minecraft-pale-oak-hanging-sign	1.08	1.8	
pale-oak-leaves	PALE_OAK_LEAVES	icon-minecraft-pale-oak-leaves	1.08	1.8	
pale-oak-log	PALE_OAK_LOG	icon-minecraft-pale-oak-log	1.08	1.8	
pale-oak-planks	PALE_OAK_PLANKS	icon-minecraft-pale-oak-planks	1.08	1.8	
pale-oak-pressure-plate	PALE_OAK_PRESSURE_PLATE	icon-minecraft-pale-oak-pressure-plate	1.08	1.8	
pale-oak-sapling	PALE_OAK_SAPLING	icon-minecraft-pale-oak-sapling	1.08	1.8	
pale-oak-shelf	PALE_OAK_SHELF	icon-minecraft-pale-oak-shelf	1.08	1.8	
pale-oak-sign	PALE_OAK_SIGN	icon-minecraft-pale-oak-sign	1.08	1.8	
pale-oak-slab	PALE_OAK_SLAB	icon-minecraft-pale-oak-slab	1.08	1.8	
pale-oak-stairs	PALE_OAK_STAIRS	icon-minecraft-pale-oak-stairs	1.08	1.8	
pale-oak-trapdoor	PALE_OAK_TRAPDOOR	icon-minecraft-pale-oak-trapdoor	1.08	1.8	
pale-oak-wall-hanging-sign	PALE_OAK_WALL_HANGING_SIGN	icon-minecraft-pale-oak-wall-hanging-sign	1.08	1.8	
pale-oak-wall-sign	PALE_OAK_WALL_SIGN	icon-minecraft-pale-oak-wall-sign	1.08	1.8	
pale-oak-wood	PALE_OAK_WOOD	icon-minecraft-pale-oak-wood	1.08	1.8	
paper	PAPER	icon-minecraft-paper	1.08	1.8	
pearlescent-froglight	PEARLESCENT_FROGLIGHT	icon-minecraft-pearlescent-froglight	1.08	1.8	
peony	PEONY	icon-minecraft-peony	1.21	1.21	175
petrified-oak-slab	PETRIFIED_OAK_SLAB	icon-minecraft-petrified-oak-slab	1.08	1.8	
phantom-membrane	PHANTOM_MEMBRANE	icon-minecraft-phantom-membrane	1.08	1.8	
piglin-banner-pattern	PIGLIN_BANNER_PATTERN	icon-minecraft-piglin-banner-pattern	1.08	1.8	
piglin-head	PIGLIN_HEAD	icon-minecraft-piglin-head	1.08	1.8	
piglin-wall-head	PIGLIN_WALL_HEAD	icon-minecraft-piglin-wall-head	1.08	1.8	
pink-banner	PINK_BANNER	icon-minecraft-pink-banner	1.08	1.8	
pink-bed	PINK_BED	icon-minecraft-pink-bed	1.08	1.8	
pink-bundle	PINK_BUNDLE	icon-minecraft-pink-bundle	1.08	1.8	
pink-candle	PINK_CANDLE	icon-minecraft-pink-candle	1.08	1.8	
pink-candle-cake	PINK_CANDLE_CAKE	icon-minecraft-pink-candle-cake	1.08	1.8	
pink_carpet	PINK_CARPET	icon-minecraft-pink-carpet	1.08	1.8	171
pink_concrete	PINK_CONCRETE	icon-minecraft-pink-concrete	1.12	1.12	251
pink_concrete_powder	PINK_CONCRETE_POWDER	icon-minecraft-pink-concrete-powder	1.12	1.12	252
pink-dye	PINK_DYE	icon-minecraft-pink-dye	1.08	1.8	
pink_glazed_terracotta	PINK_GLAZED_TERRACOTTA	icon-minecraft-pink-glazed-terracotta	1.12	1.12	241
pink-harness	PINK_HARNESS	icon-minecraft-pink-harness	1.08	1.8	
pink-petals	PINK_PETALS	icon-minecraft-pink-petals	1.08	1.8	
pink_shulker_box	PINK_SHULKER_BOX	icon-minecraft-pink-shulker-box	1.11	1.11	225
pink_stained_glass	PINK_STAINED_GLASS	icon-minecraft-pink-stained-glass	1.21	1.21	95
pink_stained_glass_pane	PINK_STAINED_GLASS_PANE	icon-minecraft-pink-stained-glass-pane	1.21	1.21	160
pink_terracotta	PINK_TERRACOTTA	icon-minecraft-pink-terracotta	1.08	1.8	159
pink_tulip	PINK_TULIP	icon-minecraft-pink-tulip	1.21	1.21	38
pink-wall-banner	PINK_WALL_BANNER	icon-minecraft-pink-wall-banner	1.08	1.8	
pink_wool	PINK_WOOL	icon-minecraft-pink-wool	1.08	1.8	35
piston	PISTON	icon-minecraft-piston	1.08	1.8	33
piston-head	PISTON_HEAD	icon-minecraft-piston-head	1.08	1.8	
pitcher-crop	PITCHER_CROP	icon-minecraft-pitcher-crop	1.08	1.8	
pitcher-plant	PITCHER_PLANT	icon-minecraft-pitcher-plant	1.08	1.8	
pitcher-pod	PITCHER_POD	icon-minecraft-pitcher-pod	1.08	1.8	
player-head	PLAYER_HEAD	icon-minecraft-player-head	1.08	1.8	
player-wall-head	PLAYER_WALL_HEAD	icon-minecraft-player-wall-head	1.08	1.8	
plenty-pottery-sherd	PLENTY_POTTERY_SHERD	icon-minecraft-plenty-pottery-sherd	1.08	1.8	
podzol	PODZOL	icon-minecraft-podzol	1.21	1.21	3
pointed-dripstone	POINTED_DRIPSTONE	icon-minecraft-pointed-dripstone	1.08	1.8	
poisonous-potato	POISONOUS_POTATO	icon-minecraft-poisonous-potato	1.08	1.8	
polished_andesite	POLISHED_ANDESITE	icon-minecraft-polished-andesite	1.08	1.8	1
polished-andesite-slab	POLISHED_ANDESITE_SLAB	icon-minecraft-polished-andesite-slab	1.08	1.8	
polished-andesite-stairs	POLISHED_ANDESITE_STAIRS	icon-minecraft-polished-andesite-stairs	1.08	1.8	
polished-basalt	POLISHED_BASALT	icon-minecraft-polished-basalt	1.08	1.8	
polished-blackstone	POLISHED_BLACKSTONE	icon-minecraft-polished-blackstone	1.08	1.8	
polished-blackstone-bricks	POLISHED_BLACKSTONE_BRICKS	icon-minecraft-polished-blackstone-bricks	1.08	1.8	
polished-blackstone-brick-slab	POLISHED_BLACKSTONE_BRICK_SLAB	icon-minecraft-polished-blackstone-brick-slab	1.08	1.8	
polished-blackstone-brick-stairs	POLISHED_BLACKSTONE_BRICK_STAIRS	icon-minecraft-polished-blackstone-brick-stairs	1.08	1.8	
polished-blackstone-brick-wall	POLISHED_BLACKSTONE_BRICK_WALL	icon-minecraft-polished-blackstone-brick-wall	1.08	1.8	
polished-blackstone-button	POLISHED_BLACKSTONE_BUTTON	icon-minecraft-polished-blackstone-button	1.08	1.8	
polished-blackstone-pressure-plate	POLISHED_BLACKSTONE_PRESSURE_PLATE	icon-minecraft-polished-blackstone-pressure-plate	1.08	1.8	
polished-blackstone-slab	POLISHED_BLACKSTONE_SLAB	icon-minecraft-polished-blackstone-slab	1.08	1.8	
polished-blackstone-stairs	POLISHED_BLACKSTONE_STAIRS	icon-minecraft-polished-blackstone-stairs	1.08	1.8	
polished-blackstone-wall	POLISHED_BLACKSTONE_WALL	icon-minecraft-polished-blackstone-wall	1.08	1.8	
polished-deepslate	POLISHED_DEEPSLATE	icon-minecraft-polished-deepslate	1.08	1.8	
polished-deepslate-slab	POLISHED_DEEPSLATE_SLAB	icon-minecraft-polished-deepslate-slab	1.08	1.8	
polished-deepslate-stairs	POLISHED_DEEPSLATE_STAIRS	icon-minecraft-polished-deepslate-stairs	1.08	1.8	
polished-deepslate-wall	POLISHED_DEEPSLATE_WALL	icon-minecraft-polished-deepslate-wall	1.08	1.8	
polished_diorite	POLISHED_DIORITE	icon-minecraft-polished-diorite	1.08	1.8	1
polished-diorite-slab	POLISHED_DIORITE_SLAB	icon-minecraft-polished-diorite-slab	1.08	1.8	
polished-diorite-stairs	POLISHED_DIORITE_STAIRS	icon-minecraft-polished-diorite-stairs	1.08	1.8	
polished_granite	POLISHED_GRANITE	icon-minecraft-polished-granite	1.08	1.8	1
polished-granite-slab	POLISHED_GRANITE_SLAB	icon-minecraft-polished-granite-slab	1.08	1.8	
polished-granite-stairs	POLISHED_GRANITE_STAIRS	icon-minecraft-polished-granite-stairs	1.08	1.8	
polished-tuff	POLISHED_TUFF	icon-minecraft-polished-tuff	1.08	1.8	
polished-tuff-slab	POLISHED_TUFF_SLAB	icon-minecraft-polished-tuff-slab	1.08	1.8	
polished-tuff-stairs	POLISHED_TUFF_STAIRS	icon-minecraft-polished-tuff-stairs	1.08	1.8	
polished-tuff-wall	POLISHED_TUFF_WALL	icon-minecraft-polished-tuff-wall	1.08	1.8	
popped-chorus-fruit	POPPED_CHORUS_FRUIT	icon-minecraft-popped-chorus-fruit	1.08	1.8	
poppy	RED_ROSE	icon-minecraft-poppy	1.08	1.8	38
porkchop	PORKCHOP	icon-minecraft-porkchop	1.08	1.8	
potato	POTATO	icon-minecraft-potato	1.08	1.8	
potatoes	POTATOES	icon-minecraft-potatoes	1.08	1.8	142
potion	POTION	icon-minecraft-potion	1.08	1.8	
potted-acacia-sapling	POTTED_ACACIA_SAPLING	icon-minecraft-potted-acacia-sapling	1.08	1.8	
potted-allium	POTTED_ALLIUM	icon-minecraft-potted-allium	1.08	1.8	
potted-azalea-bush	POTTED_AZALEA_BUSH	icon-minecraft-potted-azalea-bush	1.08	1.8	
potted-azure-bluet	POTTED_AZURE_BLUET	icon-minecraft-potted-azure-bluet	1.08	1.8	
potted-bamboo	POTTED_BAMBOO	icon-minecraft-potted-bamboo	1.08	1.8	
potted-birch-sapling	POTTED_BIRCH_SAPLING	icon-minecraft-potted-birch-sapling	1.08	1.8	
potted-blue-orchid	POTTED_BLUE_ORCHID	icon-minecraft-potted-blue-orchid	1.08	1.8	
potted-brown-mushroom	POTTED_BROWN_MUSHROOM	icon-minecraft-potted-brown-mushroom	1.08	1.8	
potted-cactus	POTTED_CACTUS	icon-minecraft-potted-cactus	1.08	1.8	
potted-cherry-sapling	POTTED_CHERRY_SAPLING	icon-minecraft-potted-cherry-sapling	1.08	1.8	
potted-closed-eyeblossom	POTTED_CLOSED_EYEBLOSSOM	icon-minecraft-potted-closed-eyeblossom	1.08	1.8	
potted-cornflower	POTTED_CORNFLOWER	icon-minecraft-potted-cornflower	1.08	1.8	
potted-crimson-fungus	POTTED_CRIMSON_FUNGUS	icon-minecraft-potted-crimson-fungus	1.08	1.8	
potted-crimson-roots	POTTED_CRIMSON_ROOTS	icon-minecraft-potted-crimson-roots	1.08	1.8	
potted-dandelion	POTTED_DANDELION	icon-minecraft-potted-dandelion	1.08	1.8	
potted-dark-oak-sapling	POTTED_DARK_OAK_SAPLING	icon-minecraft-potted-dark-oak-sapling	1.08	1.8	
potted_dead_bush	DEAD_SHRUB	icon-minecraft-potted-dead-bush	1.08	1.8	31
potted-fern	POTTED_FERN	icon-minecraft-potted-fern	1.08	1.8	
potted-flowering-azalea-bush	POTTED_FLOWERING_AZALEA_BUSH	icon-minecraft-potted-flowering-azalea-bush	1.08	1.8	
potted-jungle-sapling	POTTED_JUNGLE_SAPLING	icon-minecraft-potted-jungle-sapling	1.08	1.8	
potted-lily-of-the-valley	POTTED_LILY_OF_THE_VALLEY	icon-minecraft-potted-lily-of-the-valley	1.08	1.8	
potted-mangrove-propagule	POTTED_MANGROVE_PROPAGULE	icon-minecraft-potted-mangrove-propagule	1.08	1.8	
potted-oak-sapling	POTTED_OAK_SAPLING	icon-minecraft-potted-oak-sapling	1.08	1.8	
potted-open-eyeblossom	POTTED_OPEN_EYEBLOSSOM	icon-minecraft-potted-open-eyeblossom	1.08	1.8	
potted-orange-tulip	POTTED_ORANGE_TULIP	icon-minecraft-potted-orange-tulip	1.08	1.8	
potted-oxeye-daisy	POTTED_OXEYE_DAISY	icon-minecraft-potted-oxeye-daisy	1.08	1.8	
potted-pale-oak-sapling	POTTED_PALE_OAK_SAPLING	icon-minecraft-potted-pale-oak-sapling	1.08	1.8	
potted-pink-tulip	POTTED_PINK_TULIP	icon-minecraft-potted-pink-tulip	1.08	1.8	
potted-poppy	POTTED_POPPY	icon-minecraft-potted-poppy	1.08	1.8	
potted-red-mushroom	POTTED_RED_MUSHROOM	icon-minecraft-potted-red-mushroom	1.08	1.8	
potted-red-tulip	POTTED_RED_TULIP	icon-minecraft-potted-red-tulip	1.08	1.8	
potted-spruce-sapling	POTTED_SPRUCE_SAPLING	icon-minecraft-potted-spruce-sapling	1.08	1.8	
potted-torchflower	POTTED_TORCHFLOWER	icon-minecraft-potted-torchflower	1.08	1.8	
potted-warped-fungus	POTTED_WARPED_FUNGUS	icon-minecraft-potted-warped-fungus	1.08	1.8	
potted-warped-roots	POTTED_WARPED_ROOTS	icon-minecraft-potted-warped-roots	1.08	1.8	
potted-white-tulip	POTTED_WHITE_TULIP	icon-minecraft-potted-white-tulip	1.08	1.8	
potted-wither-rose	POTTED_WITHER_ROSE	icon-minecraft-potted-wither-rose	1.08	1.8	
powder-snow	POWDER_SNOW	icon-minecraft-powder-snow	1.08	1.8	
powder-snow-bucket	POWDER_SNOW_BUCKET	icon-minecraft-powder-snow-bucket	1.08	1.8	
powder-snow-cauldron	POWDER_SNOW_CAULDRON	icon-minecraft-powder-snow-cauldron	1.08	1.8	
powered_rail	POWERED_RAIL	icon-minecraft-powered-rail	1.08	1.8	27
prismarine	PRISMARINE	icon-minecraft-prismarine	1.08	1.8	168
prismarine_bricks	PRISMARINE_BRICKS	icon-minecraft-prismarine-bricks	1.08	1.8	161
prismarine-brick-slab	PRISMARINE_BRICK_SLAB	icon-minecraft-prismarine-brick-slab	1.08	1.8	
prismarine-brick-stairs	PRISMARINE_BRICK_STAIRS	icon-minecraft-prismarine-brick-stairs	1.08	1.8	
prismarine-crystals	PRISMARINE_CRYSTALS	icon-minecraft-prismarine-crystals	1.08	1.8	
prismarine-shard	PRISMARINE_SHARD	icon-minecraft-prismarine-shard	1.08	1.8	
prismarine-slab	PRISMARINE_SLAB	icon-minecraft-prismarine-slab	1.08	1.8	
prismarine-stairs	PRISMARINE_STAIRS	icon-minecraft-prismarine-stairs	1.08	1.8	
prismarine-wall	PRISMARINE_WALL	icon-minecraft-prismarine-wall	1.08	1.8	
prize-pottery-sherd	PRIZE_POTTERY_SHERD	icon-minecraft-prize-pottery-sherd	1.08	1.8	
pufferfish	PUFFERFISH	icon-minecraft-pufferfish	1.08	1.8	
pufferfish-bucket	PUFFERFISH_BUCKET	icon-minecraft-pufferfish-bucket	1.08	1.8	
pumpkin	PUMPKIN	icon-minecraft-pumpkin	1.08	1.8	86
pumpkin-pie	PUMPKIN_PIE	icon-minecraft-pumpkin-pie	1.08	1.8	
pumpkin-seeds	PUMPKIN_SEEDS	icon-minecraft-pumpkin-seeds	1.08	1.8	
pumpkin_stem	PUMPKIN_STEM	icon-minecraft-pumpkin-stem	1.08	1.8	104
purple-banner	PURPLE_BANNER	icon-minecraft-purple-banner	1.08	1.8	
purple-bed	PURPLE_BED	icon-minecraft-purple-bed	1.08	1.8	
purple-bundle	PURPLE_BUNDLE	icon-minecraft-purple-bundle	1.08	1.8	
purple-candle	PURPLE_CANDLE	icon-minecraft-purple-candle	1.08	1.8	
purple-candle-cake	PURPLE_CANDLE_CAKE	icon-minecraft-purple-candle-cake	1.08	1.8	
purple_carpet	PURPLE_CARPET	icon-minecraft-purple-carpet	1.08	1.8	171
purple_concrete	PURPLE_CONCRETE	icon-minecraft-purple-concrete	1.12	1.12	251
purple_concrete_powder	PURPLE_CONCRETE_POWDER	icon-minecraft-purple-concrete-powder	1.12	1.12	252
purple-dye	PURPLE_DYE	icon-minecraft-purple-dye	1.08	1.8	
purple_glazed_terracotta	PURPLE_GLAZED_TERRACOTTA	icon-minecraft-purple-glazed-terracotta	1.12	1.12	245
purple-harness	PURPLE_HARNESS	icon-minecraft-purple-harness	1.08	1.8	
purple_shulker_box	PURPLE_SHULKER_BOX	icon-minecraft-purple-shulker-box	1.11	1.11	229
purple_stained_glass	PURPLE_STAINED_GLASS	icon-minecraft-purple-stained-glass	1.21	1.21	95
purple_stained_glass_pane	PURPLE_STAINED_GLASS_PANE	icon-minecraft-purple-stained-glass-pane	1.21	1.21	160
purple_terracotta	PURPLE_TERRACOTTA	icon-minecraft-purple-terracotta	1.08	1.8	159
purple-wall-banner	PURPLE_WALL_BANNER	icon-minecraft-purple-wall-banner	1.08	1.8	
purple_wool	PURPLE_WOOL	icon-minecraft-purple-wool	1.08	1.8	35
purpur_block	PURPUR_BLOCK	icon-minecraft-purpur-block	1.09	1.9	201
purpur_pillar	PURPUR_PILLAR	icon-minecraft-purpur-pillar	1.09	1.9	202
purpur_slab	PURPUR_SLAB	icon-minecraft-purpur-slab	1.09	1.9	205
purpur_stairs	PURPUR_STAIRS	icon-minecraft-purpur-stairs	1.09	1.9	203
quartz	QUARTZ	icon-minecraft-quartz	1.08	1.8	
quartz_block	QUARTZ_BLOCK	icon-minecraft-quartz-block	1.08	1.8	155
quartz-bricks	QUARTZ_BRICKS	icon-minecraft-quartz-bricks	1.08	1.8	
quartz_pillar	PILLAR_QUARTZ_BLOCK	icon-minecraft-quartz-pillar	1.08	1.8	155
quartz_slab	QUARTZ_SLAB	icon-minecraft-quartz-slab	1.08	1.8	44
quartz_stairs	QUARTZ_STAIRS	icon-minecraft-quartz-stairs	1.08	1.8	156
rabbit	RABBIT	icon-minecraft-rabbit	1.08	1.8	
rabbit-foot	RABBIT_FOOT	icon-minecraft-rabbit-foot	1.08	1.8	
rabbit-hide	RABBIT_HIDE	icon-minecraft-rabbit-hide	1.08	1.8	
rabbit-stew	RABBIT_STEW	icon-minecraft-rabbit-stew	1.08	1.8	
rail	RAIL	icon-minecraft-rail	1.08	1.8	66
raiser-armor-trim-smithing-template	RAISER_ARMOR_TRIM_SMITHING_TEMPLATE	icon-minecraft-raiser-armor-trim-smithing-template	1.08	1.8	
raw-copper	RAW_COPPER	icon-minecraft-raw-copper	1.08	1.8	
raw-copper-block	RAW_COPPER_BLOCK	icon-minecraft-raw-copper-block	1.08	1.8	
raw-gold	RAW_GOLD	icon-minecraft-raw-gold	1.08	1.8	
raw-gold-block	RAW_GOLD_BLOCK	icon-minecraft-raw-gold-block	1.08	1.8	
raw-iron	RAW_IRON	icon-minecraft-raw-iron	1.08	1.8	
raw-iron-block	RAW_IRON_BLOCK	icon-minecraft-raw-iron-block	1.08	1.8	
recovery-compass	RECOVERY_COMPASS	icon-minecraft-recovery-compass	1.08	1.8	
red-banner	RED_BANNER	icon-minecraft-red-banner	1.08	1.8	
red-bed	RED_BED	icon-minecraft-red-bed	1.08	1.8	
red-bundle	RED_BUNDLE	icon-minecraft-red-bundle	1.08	1.8	
red-candle	RED_CANDLE	icon-minecraft-red-candle	1.08	1.8	
red-candle-cake	RED_CANDLE_CAKE	icon-minecraft-red-candle-cake	1.08	1.8	
red_carpet	RED_CARPET	icon-minecraft-red-carpet	1.08	1.8	171
red_concrete	RED_CONCRETE	icon-minecraft-red-concrete	1.12	1.12	251
red_concrete_powder	RED_CONCRETE_POWDER	icon-minecraft-red-concrete-powder	1.12	1.12	252
red-dye	RED_DYE	icon-minecraft-red-dye	1.08	1.8	
red_glazed_terracotta	RED_GLAZED_TERRACOTTA	icon-minecraft-red-glazed-terracotta	1.12	1.12	249
red-harness	RED_HARNESS	icon-minecraft-red-harness	1.08	1.8	
red_mushroom	RED_MUSHROOM	icon-minecraft-red-mushroom	1.08	1.8	40
red_mushroom_block	RED_MUSHROOM_BLOCK	icon-minecraft-red-mushroom-block	1.08	1.8	100
red_nether_bricks	RED_NETHER_BRICKS	icon-minecraft-red-nether-bricks	1.1	1.10	215
red-nether-brick-slab	RED_NETHER_BRICK_SLAB	icon-minecraft-red-nether-brick-slab	1.08	1.8	
red-nether-brick-stairs	RED_NETHER_BRICK_STAIRS	icon-minecraft-red-nether-brick-stairs	1.08	1.8	
red-nether-brick-wall	RED_NETHER_BRICK_WALL	icon-minecraft-red-nether-brick-wall	1.08	1.8	
red_sand	RED_SAND	icon-minecraft-red-sand	1.21	1.21	12
red_sandstone	RED_SANDSTONE	icon-minecraft-red-sandstone	1.08	1.8	179
red_sandstone_slab	RED_SANDSTONE_SLAB	icon-minecraft-red-sandstone-slab	1.08	1.8	182
red_sandstone_stairs	RED_SANDSTONE_STAIRS	icon-minecraft-red-sandstone-stairs	1.08	1.8	180
red-sandstone-wall	RED_SANDSTONE_WALL	icon-minecraft-red-sandstone-wall	1.08	1.8	
red_shulker_box	RED_SHULKER_BOX	icon-minecraft-red-shulker-box	1.11	1.11	233
red_stained_glass	RED_STAINED_GLASS	icon-minecraft-red-stained-glass	1.21	1.21	95
red_stained_glass_pane	RED_STAINED_GLASS_PANE	icon-minecraft-red-stained-glass-pane	1.21	1.21	160
redstone	REDSTONE	icon-minecraft-redstone	1.08	1.8	
redstone_block	REDSTONE_BLOCK	icon-minecraft-redstone-block	1.08	1.8	152
redstone_lamp	REDSTONE_LAMP	icon-minecraft-redstone-lamp	1.08	1.8	123
redstone_ore	REDSTONE_ORE	icon-minecraft-redstone-ore	1.08	1.8	73
redstone_torch	REDSTONE_TORCH	icon-minecraft-redstone-torch	1.08	1.8	76
redstone-wall-torch	REDSTONE_WALL_TORCH	icon-minecraft-redstone-wall-torch	1.08	1.8	
redstone_wire	REDSTONE_WIRE	icon-minecraft-redstone-wire	1.08	1.8	55
red_terracotta	RED_TERRACOTTA	icon-minecraft-red-terracotta	1.08	1.8	159
red_tulip	RED_TULIP	icon-minecraft-red-tulip	1.21	1.21	38
red-wall-banner	RED_WALL_BANNER	icon-minecraft-red-wall-banner	1.08	1.8	
red_wool	RED_WOOL	icon-minecraft-red-wool	1.08	1.8	35
reinforced-deepslate	REINFORCED_DEEPSLATE	icon-minecraft-reinforced-deepslate	1.08	1.8	
repeater	REPEATER	icon-minecraft-repeater	1.08	1.8	
repeating_command_block	REPEATING_COMMAND_BLOCK	icon-minecraft-repeating-command-block	1.09	1.9	210
resin-block	RESIN_BLOCK	icon-minecraft-resin-block	1.08	1.8	
resin-brick	RESIN_BRICK	icon-minecraft-resin-brick	1.08	1.8	
resin-bricks	RESIN_BRICKS	icon-minecraft-resin-bricks	1.08	1.8	
resin-brick-slab	RESIN_BRICK_SLAB	icon-minecraft-resin-brick-slab	1.08	1.8	
resin-brick-stairs	RESIN_BRICK_STAIRS	icon-minecraft-resin-brick-stairs	1.08	1.8	
resin-brick-wall	RESIN_BRICK_WALL	icon-minecraft-resin-brick-wall	1.08	1.8	
resin-clump	RESIN_CLUMP	icon-minecraft-resin-clump	1.08	1.8	
respawn-anchor	RESPAWN_ANCHOR	icon-minecraft-respawn-anchor	1.08	1.8	
rib-armor-trim-smithing-template	RIB_ARMOR_TRIM_SMITHING_TEMPLATE	icon-minecraft-rib-armor-trim-smithing-template	1.08	1.8	
rooted-dirt	ROOTED_DIRT	icon-minecraft-rooted-dirt	1.08	1.8	
rose_bush	ROSE_BUSH	icon-minecraft-rose-bush	1.21	1.21	175
rotten-flesh	ROTTEN_FLESH	icon-minecraft-rotten-flesh	1.08	1.8	
saddle	SADDLE	icon-minecraft-saddle	1.08	1.8	
salmon	SALMON	icon-minecraft-salmon	1.08	1.8	
salmon-bucket	SALMON_BUCKET	icon-minecraft-salmon-bucket	1.08	1.8	
sand	SAND	icon-minecraft-sand	1.08	1.8	12
sandstone	SANDSTONE	icon-minecraft-sandstone	1.08	1.8	24
sandstone_slab	SANDSTONE_SLAB	icon-minecraft-sandstone-slab	1.08	1.8	44
sandstone_stairs	SANDSTONE_STAIRS	icon-minecraft-sandstone-stairs	1.08	1.8	128
sandstone-wall	SANDSTONE_WALL	icon-minecraft-sandstone-wall	1.08	1.8	
scaffolding	SCAFFOLDING	icon-minecraft-scaffolding	1.08	1.8	
scrape-pottery-sherd	SCRAPE_POTTERY_SHERD	icon-minecraft-scrape-pottery-sherd	1.08	1.8	
sculk	SCULK	icon-minecraft-sculk	1.08	1.8	
sculk-catalyst	SCULK_CATALYST	icon-minecraft-sculk-catalyst	1.08	1.8	
sculk-sensor	SCULK_SENSOR	icon-minecraft-sculk-sensor	1.08	1.8	
sculk-shrieker	SCULK_SHRIEKER	icon-minecraft-sculk-shrieker	1.08	1.8	
sculk-vein	SCULK_VEIN	icon-minecraft-sculk-vein	1.08	1.8	
scute	SCUTE	icon-minecraft-scute	1.08	1.8	
seagrass	SEAGRASS	icon-minecraft-seagrass	1.08	1.8	
sea_lantern	SEA_LANTERN	icon-minecraft-sea-lantern	1.08	1.8	169
sea-pickle	SEA_PICKLE	icon-minecraft-sea-pickle	1.08	1.8	
sentry-armor-trim-smithing-template	SENTRY_ARMOR_TRIM_SMITHING_TEMPLATE	icon-minecraft-sentry-armor-trim-smithing-template	1.08	1.8	
shaper-armor-trim-smithing-template	SHAPER_ARMOR_TRIM_SMITHING_TEMPLATE	icon-minecraft-shaper-armor-trim-smithing-template	1.08	1.8	
sheaf-pottery-sherd	SHEAF_POTTERY_SHERD	icon-minecraft-sheaf-pottery-sherd	1.08	1.8	
shears	SHEARS	icon-minecraft-shears	1.08	1.8	
shelter-pottery-sherd	SHELTER_POTTERY_SHERD	icon-minecraft-shelter-pottery-sherd	1.08	1.8	
shield	SHIELD	icon-minecraft-shield	1.08	1.8	
short-dry-grass	SHORT_DRY_GRASS	icon-minecraft-short-dry-grass	1.08	1.8	
shroomlight	SHROOMLIGHT	icon-minecraft-shroomlight	1.08	1.8	
shulker-box	SHULKER_BOX	icon-minecraft-shulker-box	1.08	1.8	
shulker-shell	SHULKER_SHELL	icon-minecraft-shulker-shell	1.08	1.8	
silence-armor-trim-smithing-template	SILENCE_ARMOR_TRIM_SMITHING_TEMPLATE	icon-minecraft-silence-armor-trim-smithing-template	1.08	1.8	
skeleton-skull	SKELETON_SKULL	icon-minecraft-skeleton-skull	1.08	1.8	
skeleton-wall-skull	SKELETON_WALL_SKULL	icon-minecraft-skeleton-wall-skull	1.08	1.8	
skull-banner-pattern	SKULL_BANNER_PATTERN	icon-minecraft-skull-banner-pattern	1.08	1.8	
skull-pottery-sherd	SKULL_POTTERY_SHERD	icon-minecraft-skull-pottery-sherd	1.08	1.8	
slime-ball	SLIME_BALL	icon-minecraft-slime-ball	1.08	1.8	
slime_block	SLIME	icon-minecraft-slime-block	1.08	1.8	165
small-amethyst-bud	SMALL_AMETHYST_BUD	icon-minecraft-small-amethyst-bud	1.08	1.8	
small-dripleaf	SMALL_DRIPLEAF	icon-minecraft-small-dripleaf	1.08	1.8	
smithing-table	SMITHING_TABLE	icon-minecraft-smithing-table	1.08	1.8	
smoker	SMOKER	icon-minecraft-smoker	1.08	1.8	
smooth-basalt	SMOOTH_BASALT	icon-minecraft-smooth-basalt	1.08	1.8	
smooth-quartz	SMOOTH_QUARTZ	icon-minecraft-smooth-quartz	1.08	1.8	
smooth-quartz-slab	SMOOTH_QUARTZ_SLAB	icon-minecraft-smooth-quartz-slab	1.08	1.8	
smooth-quartz-stairs	SMOOTH_QUARTZ_STAIRS	icon-minecraft-smooth-quartz-stairs	1.08	1.8	
smooth_red_sandstone	SMOOTH_RED_SANDSTONE	icon-minecraft-smooth-red-sandstone	1.08	1.8	179
smooth-red-sandstone-slab	SMOOTH_RED_SANDSTONE_SLAB	icon-minecraft-smooth-red-sandstone-slab	1.08	1.8	
smooth-red-sandstone-stairs	SMOOTH_RED_SANDSTONE_STAIRS	icon-minecraft-smooth-red-sandstone-stairs	1.08	1.8	
smooth_sandstone	SMOOTH_SANDSTONE	icon-minecraft-smooth-sandstone	1.08	1.8	24
smooth-sandstone-slab	SMOOTH_SANDSTONE_SLAB	icon-minecraft-smooth-sandstone-slab	1.08	1.8	
smooth-sandstone-stairs	SMOOTH_SANDSTONE_STAIRS	icon-minecraft-smooth-sandstone-stairs	1.08	1.8	
smooth-stone	SMOOTH_STONE	icon-minecraft-smooth-stone	1.08	1.8	
smooth_stone_slab	STONE_SLAB	icon-minecraft-smooth-stone-slab	1.08	1.8	44
sniffer-egg	SNIFFER_EGG	icon-minecraft-sniffer-egg	1.08	1.8	
snort-pottery-sherd	SNORT_POTTERY_SHERD	icon-minecraft-snort-pottery-sherd	1.08	1.8	
snout-armor-trim-smithing-template	SNOUT_ARMOR_TRIM_SMITHING_TEMPLATE	icon-minecraft-snout-armor-trim-smithing-template	1.08	1.8	
snow	SNOW	icon-minecraft-snow	1.08	1.8	78
snowball	SNOWBALL	icon-minecraft-snowball	1.08	1.8	
snow_block	SNOW_BLOCK	icon-minecraft-snow-block	1.08	1.8	80
soul-campfire	SOUL_CAMPFIRE	icon-minecraft-soul-campfire	1.08	1.8	
soul-fire	SOUL_FIRE	icon-minecraft-soul-fire	1.08	1.8	
soul-lantern	SOUL_LANTERN	icon-minecraft-soul-lantern	1.08	1.8	
soul_sand	SOUL_SAND	icon-minecraft-soul-sand	1.08	1.8	88
soul-soil	SOUL_SOIL	icon-minecraft-soul-soil	1.08	1.8	
soul-torch	SOUL_TORCH	icon-minecraft-soul-torch	1.08	1.8	
soul-wall-torch	SOUL_WALL_TORCH	icon-minecraft-soul-wall-torch	1.08	1.8	
spawn-egg-allay	ALLAY_SPAWN_EGG	icon-minecraft-spawn-egg-allay	1.08	1.8	
spawn-egg-armadillo	ARMADILLO_SPAWN_EGG	icon-minecraft-spawn-egg-armadillo	1.08	1.8	
spawn-egg-axolotl	AXOLOTL_SPAWN_EGG	icon-minecraft-spawn-egg-axolotl	1.08	1.8	
spawn-egg-bat	BAT_SPAWN_EGG	icon-minecraft-spawn-egg-bat	1.08	1.8	
spawn-egg-bee	BEE_SPAWN_EGG	icon-minecraft-spawn-egg-bee	1.08	1.8	
spawn-egg-blaze	BLAZE_SPAWN_EGG	icon-minecraft-spawn-egg-blaze	1.08	1.8	
spawn-egg-bogged	BOGGED_SPAWN_EGG	icon-minecraft-spawn-egg-bogged	1.08	1.8	
spawn-egg-breeze	BREEZE_SPAWN_EGG	icon-minecraft-spawn-egg-breeze	1.08	1.8	
spawn-egg-camel	CAMEL_SPAWN_EGG	icon-minecraft-spawn-egg-camel	1.08	1.8	
spawn-egg-camel-husk	CAMEL_HUSK_SPAWN_EGG	icon-minecraft-spawn-egg-camel-husk	1.08	1.8	
spawn-egg-cat	CAT_SPAWN_EGG	icon-minecraft-spawn-egg-cat	1.08	1.8	
spawn-egg-cave-spider	CAVE_SPIDER_SPAWN_EGG	icon-minecraft-spawn-egg-cave-spider	1.08	1.8	
spawn-egg-chicken	CHICKEN_SPAWN_EGG	icon-minecraft-spawn-egg-chicken	1.08	1.8	
spawn-egg-cod	COD_SPAWN_EGG	icon-minecraft-spawn-egg-cod	1.08	1.8	
spawn-egg-copper-golem	COPPER_GOLEM_SPAWN_EGG	icon-minecraft-spawn-egg-copper-golem	1.08	1.8	
spawn-egg-cow	COW_SPAWN_EGG	icon-minecraft-spawn-egg-cow	1.08	1.8	
spawn-egg-creaking	CREAKING_SPAWN_EGG	icon-minecraft-spawn-egg-creaking	1.08	1.8	
spawn-egg-creeper	CREEPER_SPAWN_EGG	icon-minecraft-spawn-egg-creeper	1.08	1.8	
spawn-egg-dolphin	DOLPHIN_SPAWN_EGG	icon-minecraft-spawn-egg-dolphin	1.08	1.8	
spawn-egg-donkey	DONKEY_SPAWN_EGG	icon-minecraft-spawn-egg-donkey	1.08	1.8	
spawn-egg-drowned	DROWNED_SPAWN_EGG	icon-minecraft-spawn-egg-drowned	1.08	1.8	
spawn-egg-elder-guardian	ELDER_GUARDIAN_SPAWN_EGG	icon-minecraft-spawn-egg-elder-guardian	1.08	1.8	
spawn-egg-ender-dragon	ENDER_DRAGON_SPAWN_EGG	icon-minecraft-spawn-egg-ender-dragon	1.08	1.8	
spawn-egg-enderman	ENDERMAN_SPAWN_EGG	icon-minecraft-spawn-egg-enderman	1.08	1.8	
spawn-egg-endermite	ENDERMITE_SPAWN_EGG	icon-minecraft-spawn-egg-endermite	1.08	1.8	
spawn-egg-evoker	EVOKER_SPAWN_EGG	icon-minecraft-spawn-egg-evoker	1.08	1.8	
spawn-egg-fox	FOX_SPAWN_EGG	icon-minecraft-spawn-egg-fox	1.08	1.8	
spawn-egg-frog	FROG_SPAWN_EGG	icon-minecraft-spawn-egg-frog	1.08	1.8	
spawn-egg-ghast	GHAST_SPAWN_EGG	icon-minecraft-spawn-egg-ghast	1.08	1.8	
spawn-egg-glow-squid	GLOW_SQUID_SPAWN_EGG	icon-minecraft-spawn-egg-glow-squid	1.08	1.8	
spawn-egg-goat	GOAT_SPAWN_EGG	icon-minecraft-spawn-egg-goat	1.08	1.8	
spawn-egg-guardian	GUARDIAN_SPAWN_EGG	icon-minecraft-spawn-egg-guardian	1.08	1.8	
spawn-egg-happy-ghast	HAPPY_GHAST_SPAWN_EGG	icon-minecraft-spawn-egg-happy-ghast	1.08	1.8	
spawn-egg-hoglin	HOGLIN_SPAWN_EGG	icon-minecraft-spawn-egg-hoglin	1.08	1.8	
spawn-egg-horse	HORSE_SPAWN_EGG	icon-minecraft-spawn-egg-horse	1.08	1.8	
spawn-egg-husk	HUSK_SPAWN_EGG	icon-minecraft-spawn-egg-husk	1.08	1.8	
spawn-egg-iron-golem	IRON_GOLEM_SPAWN_EGG	icon-minecraft-spawn-egg-iron-golem	1.08	1.8	
spawn-egg-llama	LLAMA_SPAWN_EGG	icon-minecraft-spawn-egg-llama	1.08	1.8	
spawn-egg-magma-cube	MAGMA_CUBE_SPAWN_EGG	icon-minecraft-spawn-egg-magma-cube	1.08	1.8	
spawn-egg-mooshroom	MOOSHROOM_SPAWN_EGG	icon-minecraft-spawn-egg-mooshroom	1.08	1.8	
spawn-egg-mule	MULE_SPAWN_EGG	icon-minecraft-spawn-egg-mule	1.08	1.8	
spawn-egg-nautilus	NAUTILUS_SPAWN_EGG	icon-minecraft-spawn-egg-nautilus	1.08	1.8	
spawn-egg-ocelot	OCELOT_SPAWN_EGG	icon-minecraft-spawn-egg-ocelot	1.08	1.8	
spawn-egg-panda	PANDA_SPAWN_EGG	icon-minecraft-spawn-egg-panda	1.08	1.8	
spawn-egg-parched	PARCHED_SPAWN_EGG	icon-minecraft-spawn-egg-parched	1.08	1.8	
spawn-egg-parrot	PARROT_SPAWN_EGG	icon-minecraft-spawn-egg-parrot	1.08	1.8	
spawn-egg-phantom	PHANTOM_SPAWN_EGG	icon-minecraft-spawn-egg-phantom	1.08	1.8	
spawn-egg-pig	PIG_SPAWN_EGG	icon-minecraft-spawn-egg-pig	1.08	1.8	
spawn-egg-piglin	PIGLIN_SPAWN_EGG	icon-minecraft-spawn-egg-piglin	1.08	1.8	
spawn-egg-piglin-brute	PIGLIN_BRUTE_SPAWN_EGG	icon-minecraft-spawn-egg-piglin-brute	1.08	1.8	
spawn-egg-pillager	PILLAGER_SPAWN_EGG	icon-minecraft-spawn-egg-pillager	1.08	1.8	
spawn-egg-polar-bear	POLAR_BEAR_SPAWN_EGG	icon-minecraft-spawn-egg-polar-bear	1.08	1.8	
spawn-egg-pufferfish	PUFFERFISH_SPAWN_EGG	icon-minecraft-spawn-egg-pufferfish	1.08	1.8	
spawn-egg-rabbit	RABBIT_SPAWN_EGG	icon-minecraft-spawn-egg-rabbit	1.08	1.8	
spawn-egg-ravager	RAVAGER_SPAWN_EGG	icon-minecraft-spawn-egg-ravager	1.08	1.8	
spawn-egg-salmon	SALMON_SPAWN_EGG	icon-minecraft-spawn-egg-salmon	1.08	1.8	
spawn-egg-sheep	SHEEP_SPAWN_EGG	icon-minecraft-spawn-egg-sheep	1.08	1.8	
spawn-egg-shulker	SHULKER_SPAWN_EGG	icon-minecraft-spawn-egg-shulker	1.08	1.8	
spawn-egg-silverfish	SILVERFISH_SPAWN_EGG	icon-minecraft-spawn-egg-silverfish	1.08	1.8	
spawn-egg-skeleton	SKELETON_SPAWN_EGG	icon-minecraft-spawn-egg-skeleton	1.08	1.8	
spawn-egg-skeleton-horse	SKELETON_HORSE_SPAWN_EGG	icon-minecraft-spawn-egg-skeleton-horse	1.08	1.8	
spawn-egg-slime	SLIME_SPAWN_EGG	icon-minecraft-spawn-egg-slime	1.08	1.8	
spawn-egg-sniffer	SNIFFER_SPAWN_EGG	icon-minecraft-spawn-egg-sniffer	1.08	1.8	
spawn-egg-snow-golem	SNOW_GOLEM_SPAWN_EGG	icon-minecraft-spawn-egg-snow-golem	1.08	1.8	
spawn-egg-spider	SPIDER_SPAWN_EGG	icon-minecraft-spawn-egg-spider	1.08	1.8	
spawn-egg-squid	SQUID_SPAWN_EGG	icon-minecraft-spawn-egg-squid	1.08	1.8	
spawn-egg-stray	STRAY_SPAWN_EGG	icon-minecraft-spawn-egg-stray	1.08	1.8	
spawn-egg-strider	STRIDER_SPAWN_EGG	icon-minecraft-spawn-egg-strider	1.08	1.8	
spawn-egg-tadpole	TADPOLE_SPAWN_EGG	icon-minecraft-spawn-egg-tadpole	1.08	1.8	
spawn-egg-trader-llama	TRADER_LLAMA_SPAWN_EGG	icon-minecraft-spawn-egg-trader-llama	1.08	1.8	
spawn-egg-tropical-fish	TROPICAL_FISH_SPAWN_EGG	icon-minecraft-spawn-egg-tropical-fish	1.08	1.8	
spawn-egg-turtle	TURTLE_SPAWN_EGG	icon-minecraft-spawn-egg-turtle	1.08	1.8	
spawn-egg-vex	VEX_SPAWN_EGG	icon-minecraft-spawn-egg-vex	1.08	1.8	
spawn-egg-villager	VILLAGER_SPAWN_EGG	icon-minecraft-spawn-egg-villager	1.08	1.8	
spawn-egg-vindicator	VINDICATOR_SPAWN_EGG	icon-minecraft-spawn-egg-vindicator	1.08	1.8	
spawn-egg-wandering-trader	WANDERING_TRADER_SPAWN_EGG	icon-minecraft-spawn-egg-wandering-trader	1.08	1.8	
spawn-egg-warden	WARDEN_SPAWN_EGG	icon-minecraft-spawn-egg-warden	1.08	1.8	
spawn-egg-witch	WITCH_SPAWN_EGG	icon-minecraft-spawn-egg-witch	1.08	1.8	
spawn-egg-wither	WITHER_SPAWN_EGG	icon-minecraft-spawn-egg-wither	1.08	1.8	
spawn-egg-wither-skeleton	WITHER_SKELETON_SPAWN_EGG	icon-minecraft-spawn-egg-wither-skeleton	1.08	1.8	
spawn-egg-wolf	WOLF_SPAWN_EGG	icon-minecraft-spawn-egg-wolf	1.08	1.8	
spawn-egg-zoglin	ZOGLIN_SPAWN_EGG	icon-minecraft-spawn-egg-zoglin	1.08	1.8	
spawn-egg-zombie	ZOMBIE_SPAWN_EGG	icon-minecraft-spawn-egg-zombie	1.08	1.8	
spawn-egg-zombie-horse	ZOMBIE_HORSE_SPAWN_EGG	icon-minecraft-spawn-egg-zombie-horse	1.08	1.8	
spawn-egg-zombie-nautilus	ZOMBIE_NAUTILUS_SPAWN_EGG	icon-minecraft-spawn-egg-zombie-nautilus	1.08	1.8	
spawn-egg-zombie-villager	ZOMBIE_VILLAGER_SPAWN_EGG	icon-minecraft-spawn-egg-zombie-villager	1.08	1.8	
spawn-egg-zombified-piglin	ZOMBIFIED_PIGLIN_SPAWN_EGG	icon-minecraft-spawn-egg-zombified-piglin	1.08	1.8	
spawner	MOB_SPAWNER	icon-minecraft-spawner	1.08	1.8	52
spectral-arrow	SPECTRAL_ARROW	icon-minecraft-spectral-arrow	1.08	1.8	
spider-eye	SPIDER_EYE	icon-minecraft-spider-eye	1.08	1.8	
spire-armor-trim-smithing-template	SPIRE_ARMOR_TRIM_SMITHING_TEMPLATE	icon-minecraft-spire-armor-trim-smithing-template	1.08	1.8	
splash-potion	SPLASH_POTION	icon-minecraft-splash-potion	1.08	1.8	
sponge	SPONGE	icon-minecraft-sponge	1.08	1.8	19
spore-blossom	SPORE_BLOSSOM	icon-minecraft-spore-blossom	1.08	1.8	
spruce-boat	SPRUCE_BOAT	icon-minecraft-spruce-boat	1.08	1.8	
spruce-button	SPRUCE_BUTTON	icon-minecraft-spruce-button	1.08	1.8	
spruce-chest-boat	SPRUCE_CHEST_BOAT	icon-minecraft-spruce-chest-boat	1.08	1.8	
spruce-door	SPRUCE_DOOR	icon-minecraft-spruce-door	1.08	1.8	
spruce_fence	SPRUCE_FENCE	icon-minecraft-spruce-fence	1.08	1.8	188
spruce_fence_gate	SPRUCE_FENCE_GATE	icon-minecraft-spruce-fence-gate	1.08	1.8	183
spruce-hanging-sign	SPRUCE_HANGING_SIGN	icon-minecraft-spruce-hanging-sign	1.08	1.8	
spruce_leaves	SPRUCE_LEAVES	icon-minecraft-spruce-leaves	1.08	1.8	18
spruce-log	SPRUCE_LOG	icon-minecraft-spruce-log	1.08	1.8	
spruce_planks	SPRUCE_PLANKS	icon-minecraft-spruce-planks	1.08	1.8	5
spruce-pressure-plate	SPRUCE_PRESSURE_PLATE	icon-minecraft-spruce-pressure-plate	1.08	1.8	
spruce_sapling	SPRUCE_SAPLING	icon-minecraft-spruce-sapling	1.08	1.8	6
spruce-shelf	SPRUCE_SHELF	icon-minecraft-spruce-shelf	1.08	1.8	
spruce-sign	SPRUCE_SIGN	icon-minecraft-spruce-sign	1.08	1.8	
spruce_slab	SPRUCE_SLAB	icon-minecraft-spruce-slab	1.08	1.8	126
spruce_stairs	SPRUCE_WOOD_STAIRS	icon-minecraft-spruce-stairs	1.08	1.8	134
spruce-trapdoor	SPRUCE_TRAPDOOR	icon-minecraft-spruce-trapdoor	1.08	1.8	
spruce-wall-hanging-sign	SPRUCE_WALL_HANGING_SIGN	icon-minecraft-spruce-wall-hanging-sign	1.08	1.8	
spruce-wall-sign	SPRUCE_WALL_SIGN	icon-minecraft-spruce-wall-sign	1.08	1.8	
spruce_wood	SPRUCE_WOOD	icon-minecraft-spruce-wood	1.08	1.8	17
spyglass	SPYGLASS	icon-minecraft-spyglass	1.08	1.8	
stick	STICK	icon-minecraft-stick	1.08	1.8	
sticky_piston	STICKY_PISTON	icon-minecraft-sticky-piston	1.08	1.8	29
stone	STONE	icon-minecraft-stone	1.08	1.8	1
stone-axe	STONE_AXE	icon-minecraft-stone-axe	1.08	1.8	
stone_bricks	STONE_BRICKS	icon-minecraft-stone-bricks	1.08	1.8	98
stone_brick_slab	STONE_BRICK_SLAB	icon-minecraft-stone-brick-slab	1.08	1.8	44
stone_brick_stairs	STONE_BRICK_STAIRS	icon-minecraft-stone-brick-stairs	1.08	1.8	109
stone-brick-wall	STONE_BRICK_WALL	icon-minecraft-stone-brick-wall	1.08	1.8	
stone_button	STONE_BUTTON	icon-minecraft-stone-button	1.08	1.8	77
stonecutter	STONECUTTER	icon-minecraft-stonecutter	1.08	1.8	
stone-hoe	STONE_HOE	icon-minecraft-stone-hoe	1.08	1.8	
stone-pickaxe	STONE_PICKAXE	icon-minecraft-stone-pickaxe	1.08	1.8	
stone_pressure_plate	STONE_PRESSURE_PLATE	icon-minecraft-stone-pressure-plate	1.08	1.8	70
stone-shovel	STONE_SHOVEL	icon-minecraft-stone-shovel	1.08	1.8	
stone-slab	STONE_SLAB	icon-minecraft-stone-slab	1.08	1.8	
stone-spear	STONE_SPEAR	icon-minecraft-stone-spear	1.08	1.8	
stone-stairs	STONE_STAIRS	icon-minecraft-stone-stairs	1.08	1.8	
stone-sword	STONE_SWORD	icon-minecraft-stone-sword	1.08	1.8	
string	STRING	icon-minecraft-string	1.08	1.8	
stripped-acacia-log	STRIPPED_ACACIA_LOG	icon-minecraft-stripped-acacia-log	1.08	1.8	
stripped-acacia-wood	STRIPPED_ACACIA_WOOD	icon-minecraft-stripped-acacia-wood	1.08	1.8	
stripped-bamboo-block	STRIPPED_BAMBOO_BLOCK	icon-minecraft-stripped-bamboo-block	1.08	1.8	
stripped-birch-log	STRIPPED_BIRCH_LOG	icon-minecraft-stripped-birch-log	1.08	1.8	
stripped-birch-wood	STRIPPED_BIRCH_WOOD	icon-minecraft-stripped-birch-wood	1.08	1.8	
stripped-cherry-log	STRIPPED_CHERRY_LOG	icon-minecraft-stripped-cherry-log	1.08	1.8	
stripped-cherry-wood	STRIPPED_CHERRY_WOOD	icon-minecraft-stripped-cherry-wood	1.08	1.8	
stripped-crimson-hyphae	STRIPPED_CRIMSON_HYPHAE	icon-minecraft-stripped-crimson-hyphae	1.08	1.8	
stripped-crimson-stem	STRIPPED_CRIMSON_STEM	icon-minecraft-stripped-crimson-stem	1.08	1.8	
stripped-dark-oak-log	STRIPPED_DARK_OAK_LOG	icon-minecraft-stripped-dark-oak-log	1.08	1.8	
stripped-dark-oak-wood	STRIPPED_DARK_OAK_WOOD	icon-minecraft-stripped-dark-oak-wood	1.08	1.8	
stripped-jungle-log	STRIPPED_JUNGLE_LOG	icon-minecraft-stripped-jungle-log	1.08	1.8	
stripped-jungle-wood	STRIPPED_JUNGLE_WOOD	icon-minecraft-stripped-jungle-wood	1.08	1.8	
stripped-mangrove-log	STRIPPED_MANGROVE_LOG	icon-minecraft-stripped-mangrove-log	1.08	1.8	
stripped-mangrove-wood	STRIPPED_MANGROVE_WOOD	icon-minecraft-stripped-mangrove-wood	1.08	1.8	
stripped-oak-log	STRIPPED_OAK_LOG	icon-minecraft-stripped-oak-log	1.08	1.8	
stripped-oak-wood	STRIPPED_OAK_WOOD	icon-minecraft-stripped-oak-wood	1.08	1.8	
stripped-pale-oak-log	STRIPPED_PALE_OAK_LOG	icon-minecraft-stripped-pale-oak-log	1.08	1.8	
stripped-pale-oak-wood	STRIPPED_PALE_OAK_WOOD	icon-minecraft-stripped-pale-oak-wood	1.08	1.8	
stripped-spruce-log	STRIPPED_SPRUCE_LOG	icon-minecraft-stripped-spruce-log	1.08	1.8	
stripped-spruce-wood	STRIPPED_SPRUCE_WOOD	icon-minecraft-stripped-spruce-wood	1.08	1.8	
stripped-warped-hyphae	STRIPPED_WARPED_HYPHAE	icon-minecraft-stripped-warped-hyphae	1.08	1.8	
stripped-warped-stem	STRIPPED_WARPED_STEM	icon-minecraft-stripped-warped-stem	1.08	1.8	
structure_block	STRUCTURE_BLOCK	icon-minecraft-structure-block	1.09	1.9	255
structure-void	STRUCTURE_VOID	icon-minecraft-structure-void	1.08	1.8	
sugar	SUGAR	icon-minecraft-sugar	1.08	1.8	
sugar-cane	SUGAR_CANE	icon-minecraft-sugar-cane	1.08	1.8	
sunflower	SUNFLOWER	icon-minecraft-sunflower	1.21	1.21	175
suspicious-gravel	SUSPICIOUS_GRAVEL	icon-minecraft-suspicious-gravel	1.08	1.8	
suspicious-sand	SUSPICIOUS_SAND	icon-minecraft-suspicious-sand	1.08	1.8	
suspicious-stew	SUSPICIOUS_STEW	icon-minecraft-suspicious-stew	1.08	1.8	
sweet-berries	SWEET_BERRIES	icon-minecraft-sweet-berries	1.08	1.8	
sweet-berry-bush	SWEET_BERRY_BUSH	icon-minecraft-sweet-berry-bush	1.08	1.8	
tadpole-bucket	TADPOLE_BUCKET	icon-minecraft-tadpole-bucket	1.08	1.8	
tall-dry-grass	TALL_DRY_GRASS	icon-minecraft-tall-dry-grass	1.08	1.8	
tall_grass	DOUBLE_TALLGRASS	icon-minecraft-tall-grass	1.21	1.21	175
tall-seagrass	TALL_SEAGRASS	icon-minecraft-tall-seagrass	1.08	1.8	
target	TARGET	icon-minecraft-target	1.08	1.8	
terracotta	HARDENED_CLAY	icon-minecraft-terracotta	1.08	1.8	172
test-block	TEST_BLOCK	icon-minecraft-test-block	1.08	1.8	
test-instance-block	TEST_INSTANCE_BLOCK	icon-minecraft-test-instance-block	1.08	1.8	
tide-armor-trim-smithing-template	TIDE_ARMOR_TRIM_SMITHING_TEMPLATE	icon-minecraft-tide-armor-trim-smithing-template	1.08	1.8	
tinted-glass	TINTED_GLASS	icon-minecraft-tinted-glass	1.08	1.8	
tipped-arrow	TIPPED_ARROW	icon-minecraft-tipped-arrow	1.08	1.8	
tnt	TNT	icon-minecraft-tnt	1.08	1.8	46
tnt-minecart	TNT_MINECART	icon-minecraft-tnt-minecart	1.08	1.8	
torch	TORCH	icon-minecraft-torch	1.08	1.8	50
torchflower	TORCHFLOWER	icon-minecraft-torchflower	1.08	1.8	
torchflower-crop	TORCHFLOWER_CROP	icon-minecraft-torchflower-crop	1.08	1.8	
torchflower-seeds	TORCHFLOWER_SEEDS	icon-minecraft-torchflower-seeds	1.08	1.8	
totem-of-undying	TOTEM_OF_UNDYING	icon-minecraft-totem-of-undying	1.08	1.8	
trapped_chest	TRAPPED_CHEST	icon-minecraft-trapped-chest	1.08	1.8	146
trial-key	TRIAL_KEY	icon-minecraft-trial-key	1.08	1.8	
trial-spawner	TRIAL_SPAWNER	icon-minecraft-trial-spawner	1.08	1.8	
trident	TRIDENT	icon-minecraft-trident	1.08	1.8	
tripwire	TRIPWIRE	icon-minecraft-tripwire	1.08	1.8	132
tripwire_hook	TRIPWIRE_HOOK	icon-minecraft-tripwire-hook	1.08	1.8	131
tropical-fish	TROPICAL_FISH	icon-minecraft-tropical-fish	1.08	1.8	
tropical-fish-bucket	TROPICAL_FISH_BUCKET	icon-minecraft-tropical-fish-bucket	1.08	1.8	
tube-coral	TUBE_CORAL	icon-minecraft-tube-coral	1.08	1.8	
tube-coral-block	TUBE_CORAL_BLOCK	icon-minecraft-tube-coral-block	1.08	1.8	
tube-coral-fan	TUBE_CORAL_FAN	icon-minecraft-tube-coral-fan	1.08	1.8	
tube-coral-wall-fan	TUBE_CORAL_WALL_FAN	icon-minecraft-tube-coral-wall-fan	1.08	1.8	
tuff	TUFF	icon-minecraft-tuff	1.08	1.8	
tuff-bricks	TUFF_BRICKS	icon-minecraft-tuff-bricks	1.08	1.8	
tuff-brick-slab	TUFF_BRICK_SLAB	icon-minecraft-tuff-brick-slab	1.08	1.8	
tuff-brick-stairs	TUFF_BRICK_STAIRS	icon-minecraft-tuff-brick-stairs	1.08	1.8	
tuff-brick-wall	TUFF_BRICK_WALL	icon-minecraft-tuff-brick-wall	1.08	1.8	
tuff-slab	TUFF_SLAB	icon-minecraft-tuff-slab	1.08	1.8	
tuff-stairs	TUFF_STAIRS	icon-minecraft-tuff-stairs	1.08	1.8	
tuff-wall	TUFF_WALL	icon-minecraft-tuff-wall	1.08	1.8	
turtle-egg	TURTLE_EGG	icon-minecraft-turtle-egg	1.08	1.8	
turtle-helmet	TURTLE_HELMET	icon-minecraft-turtle-helmet	1.08	1.8	
twisting-vines	TWISTING_VINES	icon-minecraft-twisting-vines	1.08	1.8	
twisting-vines-plant	TWISTING_VINES_PLANT	icon-minecraft-twisting-vines-plant	1.08	1.8	
vault	VAULT	icon-minecraft-vault	1.08	1.8	
verdant-froglight	VERDANT_FROGLIGHT	icon-minecraft-verdant-froglight	1.08	1.8	
vex-armor-trim-smithing-template	VEX_ARMOR_TRIM_SMITHING_TEMPLATE	icon-minecraft-vex-armor-trim-smithing-template	1.08	1.8	
vine	vine	icon-minecraft-vine	1.08	1.8	106
void-air	VOID_AIR	icon-minecraft-void-air	1.08	1.8	
wall-torch	WALL_TORCH	icon-minecraft-wall-torch	1.08	1.8	
ward-armor-trim-smithing-template	WARD_ARMOR_TRIM_SMITHING_TEMPLATE	icon-minecraft-ward-armor-trim-smithing-template	1.08	1.8	
warped-button	WARPED_BUTTON	icon-minecraft-warped-button	1.08	1.8	
warped-door	WARPED_DOOR	icon-minecraft-warped-door	1.08	1.8	
warped-fence	WARPED_FENCE	icon-minecraft-warped-fence	1.08	1.8	
warped-fence-gate	WARPED_FENCE_GATE	icon-minecraft-warped-fence-gate	1.08	1.8	
warped-fungus	WARPED_FUNGUS	icon-minecraft-warped-fungus	1.08	1.8	
warped-fungus-on-a-stick	WARPED_FUNGUS_ON_A_STICK	icon-minecraft-warped-fungus-on-a-stick	1.08	1.8	
warped-hanging-sign	WARPED_HANGING_SIGN	icon-minecraft-warped-hanging-sign	1.08	1.8	
warped-hyphae	WARPED_HYPHAE	icon-minecraft-warped-hyphae	1.08	1.8	
warped-nylium	WARPED_NYLIUM	icon-minecraft-warped-nylium	1.08	1.8	
warped-planks	WARPED_PLANKS	icon-minecraft-warped-planks	1.08	1.8	
warped-pressure-plate	WARPED_PRESSURE_PLATE	icon-minecraft-warped-pressure-plate	1.08	1.8	
warped-roots	WARPED_ROOTS	icon-minecraft-warped-roots	1.08	1.8	
warped-shelf	WARPED_SHELF	icon-minecraft-warped-shelf	1.08	1.8	
warped-sign	WARPED_SIGN	icon-minecraft-warped-sign	1.08	1.8	
warped-slab	WARPED_SLAB	icon-minecraft-warped-slab	1.08	1.8	
warped-stairs	WARPED_STAIRS	icon-minecraft-warped-stairs	1.08	1.8	
warped-stem	WARPED_STEM	icon-minecraft-warped-stem	1.08	1.8	
warped-trapdoor	WARPED_TRAPDOOR	icon-minecraft-warped-trapdoor	1.08	1.8	
warped-wall-hanging-sign	WARPED_WALL_HANGING_SIGN	icon-minecraft-warped-wall-hanging-sign	1.08	1.8	
warped-wall-sign	WARPED_WALL_SIGN	icon-minecraft-warped-wall-sign	1.08	1.8	
warped-wart-block	WARPED_WART_BLOCK	icon-minecraft-warped-wart-block	1.08	1.8	
water	WATER	icon-minecraft-water	1.08	1.8	
water-bucket	WATER_BUCKET	icon-minecraft-water-bucket	1.08	1.8	
water-cauldron	WATER_CAULDRON	icon-minecraft-water-cauldron	1.08	1.8	
waxed-chiseled-copper	WAXED_CHISELED_COPPER	icon-minecraft-waxed-chiseled-copper	1.08	1.8	
waxed-copper-bars	WAXED_COPPER_BARS	icon-minecraft-waxed-copper-bars	1.08	1.8	
waxed-copper-block	WAXED_COPPER_BLOCK	icon-minecraft-waxed-copper-block	1.08	1.8	
waxed-copper-bulb	WAXED_COPPER_BULB	icon-minecraft-waxed-copper-bulb	1.08	1.8	
waxed-copper-chain	WAXED_COPPER_CHAIN	icon-minecraft-waxed-copper-chain	1.08	1.8	
waxed-copper-chest	WAXED_COPPER_CHEST	icon-minecraft-waxed-copper-chest	1.08	1.8	
waxed-copper-door	WAXED_COPPER_DOOR	icon-minecraft-waxed-copper-door	1.08	1.8	
waxed-copper-golem-statue	WAXED_COPPER_GOLEM_STATUE	icon-minecraft-waxed-copper-golem-statue	1.08	1.8	
waxed-copper-grate	WAXED_COPPER_GRATE	icon-minecraft-waxed-copper-grate	1.08	1.8	
waxed-copper-lantern	WAXED_COPPER_LANTERN	icon-minecraft-waxed-copper-lantern	1.08	1.8	
waxed-copper-trapdoor	WAXED_COPPER_TRAPDOOR	icon-minecraft-waxed-copper-trapdoor	1.08	1.8	
waxed-cut-copper	WAXED_CUT_COPPER	icon-minecraft-waxed-cut-copper	1.08	1.8	
waxed-cut-copper-slab	WAXED_CUT_COPPER_SLAB	icon-minecraft-waxed-cut-copper-slab	1.08	1.8	
waxed-cut-copper-stairs	WAXED_CUT_COPPER_STAIRS	icon-minecraft-waxed-cut-copper-stairs	1.08	1.8	
waxed-exposed-chiseled-copper	WAXED_EXPOSED_CHISELED_COPPER	icon-minecraft-waxed-exposed-chiseled-copper	1.08	1.8	
waxed-exposed-copper	WAXED_EXPOSED_COPPER	icon-minecraft-waxed-exposed-copper	1.08	1.8	
waxed-exposed-copper-bars	WAXED_EXPOSED_COPPER_BARS	icon-minecraft-waxed-exposed-copper-bars	1.08	1.8	
waxed-exposed-copper-bulb	WAXED_EXPOSED_COPPER_BULB	icon-minecraft-waxed-exposed-copper-bulb	1.08	1.8	
waxed-exposed-copper-chain	WAXED_EXPOSED_COPPER_CHAIN	icon-minecraft-waxed-exposed-copper-chain	1.08	1.8	
waxed-exposed-copper-chest	WAXED_EXPOSED_COPPER_CHEST	icon-minecraft-waxed-exposed-copper-chest	1.08	1.8	
waxed-exposed-copper-door	WAXED_EXPOSED_COPPER_DOOR	icon-minecraft-waxed-exposed-copper-door	1.08	1.8	
waxed-exposed-copper-golem-statue	WAXED_EXPOSED_COPPER_GOLEM_STATUE	icon-minecraft-waxed-exposed-copper-golem-statue	1.08	1.8	
waxed-exposed-copper-grate	WAXED_EXPOSED_COPPER_GRATE	icon-minecraft-waxed-exposed-copper-grate	1.08	1.8	
waxed-exposed-copper-lantern	WAXED_EXPOSED_COPPER_LANTERN	icon-minecraft-waxed-exposed-copper-lantern	1.08	1.8	
waxed-exposed-copper-trapdoor	WAXED_EXPOSED_COPPER_TRAPDOOR	icon-minecraft-waxed-exposed-copper-trapdoor	1.08	1.8	
waxed-exposed-cut-copper	WAXED_EXPOSED_CUT_COPPER	icon-minecraft-waxed-exposed-cut-copper	1.08	1.8	
waxed-exposed-cut-copper-slab	WAXED_EXPOSED_CUT_COPPER_SLAB	icon-minecraft-waxed-exposed-cut-copper-slab	1.08	1.8	
waxed-exposed-cut-copper-stairs	WAXED_EXPOSED_CUT_COPPER_STAIRS	icon-minecraft-waxed-exposed-cut-copper-stairs	1.08	1.8	
waxed-exposed-lightning-rod	WAXED_EXPOSED_LIGHTNING_ROD	icon-minecraft-waxed-exposed-lightning-rod	1.08	1.8	
waxed-lightning-rod	WAXED_LIGHTNING_ROD	icon-minecraft-waxed-lightning-rod	1.08	1.8	
waxed-oxidized-chiseled-copper	WAXED_OXIDIZED_CHISELED_COPPER	icon-minecraft-waxed-oxidized-chiseled-copper	1.08	1.8	
waxed-oxidized-copper	WAXED_OXIDIZED_COPPER	icon-minecraft-waxed-oxidized-copper	1.08	1.8	
waxed-oxidized-copper-bars	WAXED_OXIDIZED_COPPER_BARS	icon-minecraft-waxed-oxidized-copper-bars	1.08	1.8	
waxed-oxidized-copper-bulb	WAXED_OXIDIZED_COPPER_BULB	icon-minecraft-waxed-oxidized-copper-bulb	1.08	1.8	
waxed-oxidized-copper-chain	WAXED_OXIDIZED_COPPER_CHAIN	icon-minecraft-waxed-oxidized-copper-chain	1.08	1.8	
waxed-oxidized-copper-chest	WAXED_OXIDIZED_COPPER_CHEST	icon-minecraft-waxed-oxidized-copper-chest	1.08	1.8	
waxed-oxidized-copper-door	WAXED_OXIDIZED_COPPER_DOOR	icon-minecraft-waxed-oxidized-copper-door	1.08	1.8	
waxed-oxidized-copper-golem-statue	WAXED_OXIDIZED_COPPER_GOLEM_STATUE	icon-minecraft-waxed-oxidized-copper-golem-statue	1.08	1.8	
waxed-oxidized-copper-grate	WAXED_OXIDIZED_COPPER_GRATE	icon-minecraft-waxed-oxidized-copper-grate	1.08	1.8	
waxed-oxidized-copper-lantern	WAXED_OXIDIZED_COPPER_LANTERN	icon-minecraft-waxed-oxidized-copper-lantern	1.08	1.8	
waxed-oxidized-copper-trapdoor	WAXED_OXIDIZED_COPPER_TRAPDOOR	icon-minecraft-waxed-oxidized-copper-trapdoor	1.08	1.8	
waxed-oxidized-cut-copper	WAXED_OXIDIZED_CUT_COPPER	icon-minecraft-waxed-oxidized-cut-copper	1.08	1.8	
waxed-oxidized-cut-copper-slab	WAXED_OXIDIZED_CUT_COPPER_SLAB	icon-minecraft-waxed-oxidized-cut-copper-slab	1.08	1.8	
waxed-oxidized-cut-copper-stairs	WAXED_OXIDIZED_CUT_COPPER_STAIRS	icon-minecraft-waxed-oxidized-cut-copper-stairs	1.08	1.8	
waxed-oxidized-lightning-rod	WAXED_OXIDIZED_LIGHTNING_ROD	icon-minecraft-waxed-oxidized-lightning-rod	1.08	1.8	
waxed-weathered-chiseled-copper	WAXED_WEATHERED_CHISELED_COPPER	icon-minecraft-waxed-weathered-chiseled-copper	1.08	1.8	
waxed-weathered-copper	WAXED_WEATHERED_COPPER	icon-minecraft-waxed-weathered-copper	1.08	1.8	
waxed-weathered-copper-bars	WAXED_WEATHERED_COPPER_BARS	icon-minecraft-waxed-weathered-copper-bars	1.08	1.8	
waxed-weathered-copper-bulb	WAXED_WEATHERED_COPPER_BULB	icon-minecraft-waxed-weathered-copper-bulb	1.08	1.8	
waxed-weathered-copper-chain	WAXED_WEATHERED_COPPER_CHAIN	icon-minecraft-waxed-weathered-copper-chain	1.08	1.8	
waxed-weathered-copper-chest	WAXED_WEATHERED_COPPER_CHEST	icon-minecraft-waxed-weathered-copper-chest	1.08	1.8	
waxed-weathered-copper-door	WAXED_WEATHERED_COPPER_DOOR	icon-minecraft-waxed-weathered-copper-door	1.08	1.8	
waxed-weathered-copper-golem-statue	WAXED_WEATHERED_COPPER_GOLEM_STATUE	icon-minecraft-waxed-weathered-copper-golem-statue	1.08	1.8	
waxed-weathered-copper-grate	WAXED_WEATHERED_COPPER_GRATE	icon-minecraft-waxed-weathered-copper-grate	1.08	1.8	
waxed-weathered-copper-lantern	WAXED_WEATHERED_COPPER_LANTERN	icon-minecraft-waxed-weathered-copper-lantern	1.08	1.8	
waxed-weathered-copper-trapdoor	WAXED_WEATHERED_COPPER_TRAPDOOR	icon-minecraft-waxed-weathered-copper-trapdoor	1.08	1.8	
waxed-weathered-cut-copper	WAXED_WEATHERED_CUT_COPPER	icon-minecraft-waxed-weathered-cut-copper	1.08	1.8	
waxed-weathered-cut-copper-slab	WAXED_WEATHERED_CUT_COPPER_SLAB	icon-minecraft-waxed-weathered-cut-copper-slab	1.08	1.8	
waxed-weathered-cut-copper-stairs	WAXED_WEATHERED_CUT_COPPER_STAIRS	icon-minecraft-waxed-weathered-cut-copper-stairs	1.08	1.8	
waxed-weathered-lightning-rod	WAXED_WEATHERED_LIGHTNING_ROD	icon-minecraft-waxed-weathered-lightning-rod	1.08	1.8	
wayfinder-armor-trim-smithing-template	WAYFINDER_ARMOR_TRIM_SMITHING_TEMPLATE	icon-minecraft-wayfinder-armor-trim-smithing-template	1.08	1.8	
weathered-chiseled-copper	WEATHERED_CHISELED_COPPER	icon-minecraft-weathered-chiseled-copper	1.08	1.8	
weathered-copper	WEATHERED_COPPER	icon-minecraft-weathered-copper	1.08	1.8	
weathered-copper-bars	WEATHERED_COPPER_BARS	icon-minecraft-weathered-copper-bars	1.08	1.8	
weathered-copper-bulb	WEATHERED_COPPER_BULB	icon-minecraft-weathered-copper-bulb	1.08	1.8	
weathered-copper-chain	WEATHERED_COPPER_CHAIN	icon-minecraft-weathered-copper-chain	1.08	1.8	
weathered-copper-chest	WEATHERED_COPPER_CHEST	icon-minecraft-weathered-copper-chest	1.08	1.8	
weathered-copper-door	WEATHERED_COPPER_DOOR	icon-minecraft-weathered-copper-door	1.08	1.8	
weathered-copper-golem-statue	WEATHERED_COPPER_GOLEM_STATUE	icon-minecraft-weathered-copper-golem-statue	1.08	1.8	
weathered-copper-grate	WEATHERED_COPPER_GRATE	icon-minecraft-weathered-copper-grate	1.08	1.8	
weathered-copper-lantern	WEATHERED_COPPER_LANTERN	icon-minecraft-weathered-copper-lantern	1.08	1.8	
weathered-copper-trapdoor	WEATHERED_COPPER_TRAPDOOR	icon-minecraft-weathered-copper-trapdoor	1.08	1.8	
weathered-cut-copper	WEATHERED_CUT_COPPER	icon-minecraft-weathered-cut-copper	1.08	1.8	
weathered-cut-copper-slab	WEATHERED_CUT_COPPER_SLAB	icon-minecraft-weathered-cut-copper-slab	1.08	1.8	
weathered-cut-copper-stairs	WEATHERED_CUT_COPPER_STAIRS	icon-minecraft-weathered-cut-copper-stairs	1.08	1.8	
weathered-lightning-rod	WEATHERED_LIGHTNING_ROD	icon-minecraft-weathered-lightning-rod	1.08	1.8	
weeping-vines	WEEPING_VINES	icon-minecraft-weeping-vines	1.08	1.8	
weeping-vines-plant	WEEPING_VINES_PLANT	icon-minecraft-weeping-vines-plant	1.08	1.8	
wet_sponge	WET_SPONGE	icon-minecraft-wet-sponge	1.08	1.8	19
wheat	WHEAT	icon-minecraft-wheat	1.08	1.8	
wheat-seeds	WHEAT_SEEDS	icon-minecraft-wheat-seeds	1.08	1.8	
white-banner	WHITE_BANNER	icon-minecraft-white-banner	1.08	1.8	
white-bed	WHITE_BED	icon-minecraft-white-bed	1.08	1.8	
white-bundle	WHITE_BUNDLE	icon-minecraft-white-bundle	1.08	1.8	
white-candle	WHITE_CANDLE	icon-minecraft-white-candle	1.08	1.8	
white-candle-cake	WHITE_CANDLE_CAKE	icon-minecraft-white-candle-cake	1.08	1.8	
white_carpet	WHITE_CARPET	icon-minecraft-white-carpet	1.08	1.8	171
white_concrete	WHITE_CONCRETE	icon-minecraft-white-concrete	1.12	1.12	251
white_concrete_powder	WHITE_CONCRETE_POWDER	icon-minecraft-white-concrete-powder	1.12	1.12	252
white-dye	WHITE_DYE	icon-minecraft-white-dye	1.08	1.8	
white_glazed_terracotta	WHITE_GLAZED_TERRACOTTA	icon-minecraft-white-glazed-terracotta	1.12	1.12	235
white-harness	WHITE_HARNESS	icon-minecraft-white-harness	1.08	1.8	
white_shulker_box	WHITE_SHULKER_BOX	icon-minecraft-white-shulker-box	1.11	1.11	219
white_stained_glass	WHITE_STAINED_GLASS	icon-minecraft-white-stained-glass	1.21	1.21	95
white_stained_glass_pane	WHITE_STAINED_GLASS_PANE	icon-minecraft-white-stained-glass-pane	1.21	1.21	160
white_terracotta	WHITE_TERRACOTTA	icon-minecraft-white-terracotta	1.08	1.8	159
white_tulip	WHITE_TULIP	icon-minecraft-white-tulip	1.21	1.21	38
white-wall-banner	WHITE_WALL_BANNER	icon-minecraft-white-wall-banner	1.08	1.8	
white_wool	WOOL	icon-minecraft-white-wool	1.08	1.8	35
wild-armor-trim-smithing-template	WILD_ARMOR_TRIM_SMITHING_TEMPLATE	icon-minecraft-wild-armor-trim-smithing-template	1.08	1.8	
wildflowers	WILDFLOWERS	icon-minecraft-wildflowers	1.08	1.8	
wind-charge	WIND_CHARGE	icon-minecraft-wind-charge	1.08	1.8	
wither-rose	WITHER_ROSE	icon-minecraft-wither-rose	1.08	1.8	
wither-skeleton-skull	WITHER_SKELETON_SKULL	icon-minecraft-wither-skeleton-skull	1.08	1.8	
wither-skeleton-wall-skull	WITHER_SKELETON_WALL_SKULL	icon-minecraft-wither-skeleton-wall-skull	1.08	1.8	
wolf-armor	WOLF_ARMOR	icon-minecraft-wolf-armor	1.08	1.8	
wooden-axe	WOODEN_AXE	icon-minecraft-wooden-axe	1.08	1.8	
wooden-hoe	WOODEN_HOE	icon-minecraft-wooden-hoe	1.08	1.8	
wooden-pickaxe	WOODEN_PICKAXE	icon-minecraft-wooden-pickaxe	1.08	1.8	
wooden-shovel	WOODEN_SHOVEL	icon-minecraft-wooden-shovel	1.08	1.8	
wooden-spear	WOODEN_SPEAR	icon-minecraft-wooden-spear	1.08	1.8	
wooden_sword	WOODEN_SWORD	icon-minecraft-wooden-sword	1.08	1.8	268
writable-book	WRITABLE_BOOK	icon-minecraft-writable-book	1.08	1.8	
written-book	WRITTEN_BOOK	icon-minecraft-written-book	1.08	1.8	
yellow-banner	YELLOW_BANNER	icon-minecraft-yellow-banner	1.08	1.8	
yellow-bed	YELLOW_BED	icon-minecraft-yellow-bed	1.08	1.8	
yellow-bundle	YELLOW_BUNDLE	icon-minecraft-yellow-bundle	1.08	1.8	
yellow-candle	YELLOW_CANDLE	icon-minecraft-yellow-candle	1.08	1.8	
yellow-candle-cake	YELLOW_CANDLE_CAKE	icon-minecraft-yellow-candle-cake	1.08	1.8	
yellow_carpet	YELLOW_CARPET	icon-minecraft-yellow-carpet	1.08	1.8	171
yellow_concrete	YELLOW_CONCRETE	icon-minecraft-yellow-concrete	1.12	1.12	251
yellow_concrete_powder	YELLOW_CONCRETE_POWDER	icon-minecraft-yellow-concrete-powder	1.12	1.12	252
yellow-dye	YELLOW_DYE	icon-minecraft-yellow-dye	1.08	1.8	
yellow_glazed_terracotta	YELLOW_GLAZED_TERRACOTTA	icon-minecraft-yellow-glazed-terracotta	1.12	1.12	239
yellow-harness	YELLOW_HARNESS	icon-minecraft-yellow-harness	1.08	1.8	
yellow_shulker_box	YELLOW_SHULKER_BOX	icon-minecraft-yellow-shulker-box	1.11	1.11	223
yellow_stained_glass	YELLOW_STAINED_GLASS	icon-minecraft-yellow-stained-glass	1.21	1.21	95
yellow_stained_glass_pane	YELLOW_STAINED_GLASS_PANE	icon-minecraft-yellow-stained-glass-pane	1.21	1.21	160
yellow_terracotta	YELLOW_TERRACOTTA	icon-minecraft-yellow-terracotta	1.08	1.8	159
yellow-wall-banner	YELLOW_WALL_BANNER	icon-minecraft-yellow-wall-banner	1.08	1.8	
yellow_wool	YELLOW_WOOL	icon-minecraft-yellow-wool	1.08	1.8	35
zombie-head	ZOMBIE_HEAD	icon-minecraft-zombie-head	1.08	1.8	
zombie-wall-head	ZOMBIE_WALL_HEAD	icon-minecraft-zombie-wall-head	1.08	1.8	
